timestamp_ns,timestamp_iso,controller,hs,tp,avg_power,power_in,power_out,battery_pct,sea_state_energy,efficiency,peaks,nextwave,nextwave_error,nextwave_error_2
1793232000000000000,2026-10-29T00:00:00Z,free response,2.679,1.396,153.22,64.3,562.0,18.5,4.67,100.0,3,On,1254.36,333.49
1793232060000000000,2026-10-29T00:01:00Z,controller 1,2.729,1.677,-22.86,173.99,510.59,18.48,6.48,100.0,1,On,1241.98,334.34
1793232120000000000,2026-10-29T00:02:00Z,controller 1,2.698,1.03,31.48,320.39,258.7,18.46,3.96,100.0,2,On,1205.15,361.21
1793232180000000000,2026-10-29T00:03:00Z,controller 1,2.653,1.742,8.19,36.26,97.36,18.45,5.89,100.0,1,On,1090.85,421.69
1793232240000000000,2026-10-29T00:04:00Z,controller 1,2.621,1.088,0.46,378.84,211.58,18.43,3.48,100.0,1,On,1064.92,410.72
1793232300000000000,2026-10-29T00:05:00Z,controller 2,2.685,1.527,183.05,7.11,158.08,18.41,5.89,100.0,1,On,1078.35,411.86
1793232360000000000,2026-10-29T00:06:00Z,controller 2,2.667,1.686,140.11,108.69,213.59,18.4,5.6,100.0,2,On,1072.94,388.68
1793232420000000000,2026-10-29T00:07:00Z,free response,2.746,1.744,52.25,380.4,36.04,18.36,6.88,100.0,2,On,1064.98,409.7
1793232480000000000,2026-10-29T00:08:00Z,free response,2.739,1.142,66.91,142.22,102.68,18.34,4.23,100.0,1,On,1040.34,391.94
1793232540000000000,2026-10-29T00:09:00Z,free response,2.627,1.592,73.24,377.56,434.95,18.31,5.5,100.0,1,On,1035.52,402.82
1793232600000000000,2026-10-29T00:10:00Z,free response,2.644,1.305,191.76,153.21,419.99,18.29,4.84,100.0,2,On,1084.51,388.56
1793232660000000000,2026-10-29T00:11:00Z,free response,2.671,1.087,101.18,167.44,114.21,18.28,4.02,100.0,2,On,1096.09,389.67
1793232720000000000,2026-10-29T00:12:00Z,controller 1,2.778,1.223,171.58,51.76,309.91,18.27,4.52,100.0,2,On,1142.8,364.71
1793232780000000000,2026-10-29T00:13:00Z,controller 1,2.732,1.488,184.24,389.81,41.04,18.26,5.17,100.0,1,On,1179.4,367.88
1793232840000000000,2026-10-29T00:14:00Z,controller 1,2.629,1.335,90.98,35.85,155.76,18.25,4.99,100.0,1,On,1224.31,373.27
1793232900000000000,2026-10-29T00:15:00Z,controller 2,2.772,1.244,94.75,9.89,52.29,18.22,4.54,100.0,3,On,1216.34,350.48
1793232960000000000,2026-10-29T00:16:00Z,controller 1,2.761,1.415,29.33,163.14,37.06,18.2,5.83,100.0,3,On,683.1,703.61
1793233020000000000,2026-10-29T00:17:00Z,free response,2.697,1.364,185.04,253.37,52.3,18.18,4.66,100.0,1,On,677.18,713.85
1793233080000000000,2026-10-29T00:18:00Z,controller 2,2.703,1.499,145.65,423.9,303.33,18.15,5.57,100.0,2,On,710.02,742.31
1793233140000000000,2026-10-29T00:19:00Z,controller 2,2.723,1.577,56.15,268.4,28.2,18.13,6.21,100.0,2,On,1461.74,645.51
1793233200000000000,2026-10-29T00:20:00Z,free response,2.613,1.773,42.39,422.11,559.21,18.12,5.95,100.0,2,On,1491.14,653.08
1793233260000000000,2026-10-29T00:21:00Z,controller 2,2.668,1.57,52.33,433.1,277.01,18.1,5.67,100.0,3,On,1500.0,627.88
1793233320000000000,2026-10-29T00:22:00Z,free response,2.775,1.734,98.16,350.19,185.69,18.09,7.03,100.0,1,On,1493.33,622.64
1793233380000000000,2026-10-29T00:23:00Z,free response,2.785,1.418,95.12,343.59,298.54,18.06,5.33,100.0,3,On,1454.33,644.12
1793233440000000000,2026-10-29T00:24:00Z,free response,2.785,1.363,112.58,345.24,155.79,18.03,5.57,100.0,3,On,1418.92,527.27
1793233500000000000,2026-10-29T00:25:00Z,controller 2,2.694,1.322,-8.32,108.8,336.25,18.01,5.19,100.0,2,On,1464.09,523.4
1793233560000000000,2026-10-29T00:26:00Z,free response,2.744,1.742,57.07,282.92,68.96,18.0,6.95,100.0,1,On,1471.49,526.97
1793233620000000000,2026-10-29T00:27:00Z,controller 1,2.762,1.267,164.79,173.84,326.86,17.99,5.21,100.0,2,On,1466.4,504.36
1793233680000000000,2026-10-29T00:28:00Z,controller 1,2.729,1.368,166.9,312.39,40.07,17.98,4.86,100.0,1,On,1500.0,505.37
1793233740000000000,2026-10-29T00:29:00Z,free response,2.635,1.784,188.45,56.93,209.85,17.95,5.61,100.0,2,On,1450.89,502.66
1793233800000000000,2026-10-29T00:30:00Z,free response,0.165,7.941,174.94,165.44,330.33,17.94,0.11,100.0,3,On,1449.86,501.62
1793233860000000000,2026-10-29T00:31:00Z,controller 2,0.256,8.294,159.83,30.69,193.13,17.92,0.26,100.0,3,On,1450.17,523.44
1793233920000000000,2026-10-29T00:32:00Z,free response,0.172,7.662,93.86,143.77,162.79,17.92,0.11,100.0,3,On,1433.14,518.08
1793233980000000000,2026-10-29T00:33:00Z,controller 2,0.205,7.872,28.59,354.64,447.8,17.89,0.16,100.0,1,On,1432.14,509.17
1793234040000000000,2026-10-29T00:34:00Z,controller 1,0.308,7.927,-26.14,94.3,11.74,17.87,0.36,100.0,2,On,1476.73,494.7
1793234100000000000,2026-10-29T00:35:00Z,free response,0.161,8.343,86.9,417.51,436.81,17.85,0.12,100.0,1,On,1498.97,505.49
1793234160000000000,2026-10-29T00:36:00Z,free response,0.219,8.012,140.96,95.38,147.6,17.83,0.18,100.0,3,On,1500.0,529.81
1793234220000000000,2026-10-29T00:37:00Z,controller 1,0.158,7.976,52.36,162.09,480.42,17.8,0.09,100.0,2,On,1454.85,519.29
1793234280000000000,2026-10-29T00:38:00Z,free response,0.246,8.189,117.82,161.61,13.65,17.79,0.27,100.0,2,On,1434.83,508.82
1793234340000000000,2026-10-29T00:39:00Z,controller 1,0.316,8.377,118.76,188.22,483.81,17.75,0.45,100.0,1,On,1454.82,537.03
1793234400000000000,2026-10-29T00:40:00Z,controller 2,0.321,7.724,9.62,112.71,174.87,17.74,0.41,100.0,3,On,1445.19,552.19
1793234460000000000,2026-10-29T00:41:00Z,controller 2,0.25,7.756,88.07,18.9,374.82,17.72,0.26,100.0,2,On,1416.33,569.68
1793234520000000000,2026-10-29T00:42:00Z,controller 2,0.15,8.322,-2.62,265.9,442.18,17.69,0.09,100.0,3,On,1460.81,591.14
1793234580000000000,2026-10-29T00:43:00Z,free response,0.263,8.248,135.41,174.87,242.3,17.68,0.26,100.0,3,On,1478.3,604.36
1793234640000000000,2026-10-29T00:44:00Z,controller 2,0.162,8.2,40.35,90.94,206.89,17.67,0.1,100.0,3,On,1500.0,609.6
1793234700000000000,2026-10-29T00:45:00Z,controller 1,0.252,7.929,-15.87,162.33,368.24,17.65,0.23,100.0,3,On,1500.0,583.14
1793234760000000000,2026-10-29T00:46:00Z,controller 2,0.329,7.791,152.79,50.94,483.67,17.63,0.41,100.0,3,On,1487.54,593.11
1793234820000000000,2026-10-29T00:47:00Z,controller 2,0.257,8.215,140.91,382.47,510.94,17.6,0.27,100.0,3,On,1480.34,622.93
1793234880000000000,2026-10-29T00:48:00Z,controller 1,0.236,7.816,118.05,282.59,190.69,17.59,0.2,100.0,2,On,1500.0,610.29
1793234940000000000,2026-10-29T00:49:00Z,controller 1,0.299,7.982,-10.75,305.31,346.78,17.58,0.36,100.0,3,On,1489.36,625.25
1793235000000000000,2026-10-29T00:50:00Z,controller 2,0.266,8.065,106.54,32.83,475.44,17.55,0.28,100.0,1,On,1445.88,638.36
1793235060000000000,2026-10-29T00:51:00Z,controller 1,0.226,8.012,47.8,405.61,459.78,17.54,0.2,100.0,2,On,1411.92,665.2
1793235120000000000,2026-10-29T00:52:00Z,controller 2,0.324,7.706,-27.22,62.42,505.54,17.53,0.41,100.0,2,On,1457.98,678.11
1793235180000000000,2026-10-29T00:53:00Z,free response,0.18,8.13,142.64,144.76,385.5,17.52,0.14,100.0,1,On,1410.59,706.98
1793235240000000000,2026-10-29T00:54:00Z,controller 2,0.176,7.887,-10.44,280.82,507.57,17.5,0.11,100.0,1,On,1396.47,688.91
1793235300000000000,2026-10-29T00:55:00Z,controller 1,0.252,8.016,171.97,77.97,426.62,17.48,0.24,100.0,1,On,1403.95,686.74
1793235360000000000,2026-10-29T00:56:00Z,controller 1,0.301,8.391,-11.82,199.83,181.91,17.47,0.34,100.0,3,On,1358.36,672.9
1793235420000000000,2026-10-29T00:57:00Z,free response,0.219,7.694,62.31,231.5,82.83,17.44,0.18,100.0,3,On,1377.95,643.19
1793235480000000000,2026-10-29T00:58:00Z,free response,0.188,7.881,6.55,405.17,9.16,17.42,0.15,100.0,1,On,1409.76,629.25
1793235540000000000,2026-10-29T00:59:00Z,free response,0.274,8.21,111.92,382.92,213.42,17.41,0.29,100.0,2,On,862.14,895.34
1793235600000000000,2026-10-29T01:00:00Z,free response,2.476,4.367,90.74,406.5,460.13,17.4,14.06,100.0,3,On,893.29,908.01
1793235660000000000,2026-10-29T01:01:00Z,controller 1,2.391,4.672,52.08,125.48,473.38,17.37,12.34,100.0,2,On,940.04,886.05
1793235720000000000,2026-10-29T01:02:00Z,controller 1,2.414,4.457,105.14,125.77,264.02,17.36,12.66,100.0,3,On,941.13,913.45
1793235780000000000,2026-10-29T01:03:00Z,controller 2,2.394,4.048,92.75,269.61,431.22,17.35,11.46,100.0,1,On,980.41,939.72
1793235840000000000,2026-10-29T01:04:00Z,controller 1,2.406,4.113,36.86,63.94,210.57,17.33,11.85,100.0,1,On,931.88,923.53
1793235900000000000,2026-10-29T01:05:00Z,free response,2.467,4.012,160.91,428.93,328.92,17.3,11.27,100.0,1,On,959.3,916.17
1793235960000000000,2026-10-29T01:06:00Z,controller 1,2.543,4.31,76.02,417.57,484.74,17.28,13.43,100.0,3,On,915.64,934.96
1793236020000000000,2026-10-29T01:07:00Z,controller 1,2.505,4.657,193.93,335.85,472.03,17.27,15.22,100.0,3,On,874.62,906.6
1793236080000000000,2026-10-29T01:08:00Z,free response,2.373,4.581,82.51,375.01,504.05,17.26,11.74,100.0,1,On,838.81,914.75
1793236140000000000,2026-10-29T01:09:00Z,controller 2,2.513,4.183,-3.62,97.09,275.37,17.25,12.03,100.0,1,On,868.55,886.63
1793236200000000000,2026-10-29T01:10:00Z,controller 1,2.471,4.597,43.53,406.51,43.83,17.24,14.1,100.0,2,On,502.39,469.58
1793236260000000000,2026-10-29T01:11:00Z,free response,2.462,4.769,35.34,35.05,374.69,17.2,13.5,100.0,3,On,1439.95,578.2
1793236320000000000,2026-10-29T01:12:00Z,free response,2.39,4.446,124.49,224.59,419.44,17.18,11.43,100.0,1,On,818.21,529.51
1793236380000000000,2026-10-29T01:13:00Z,free response,2.441,4.58,103.47,446.08,260.39,17.16,13.31,100.0,2,On,819.62,507.23
1793236440000000000,2026-10-29T01:14:00Z,free response,2.396,4.545,137.37,276.49,357.32,17.14,13.81,100.0,2,On,785.82,528.08
1793236500000000000,2026-10-29T01:15:00Z,controller 1,2.475,4.426,183.11,438.51,71.75,17.13,13.61,100.0,2,On,754.95,551.75
1793236560000000000,2026-10-29T01:16:00Z,free response,2.366,4.331,37.39,394.06,68.31,17.11,11.25,100.0,1,On,774.38,524.69
1793236620000000000,2026-10-29T01:17:00Z,controller 2,2.447,4.278,97.44,297.18,2.2,17.08,13.85,15.88,1,On,776.72,512.74
1793236680000000000,2026-10-29T01:18:00Z,free response,2.528,4.407,121.31,363.7,531.27,17.07,12.69,100.0,1,On,755.83,526.99
1793236740000000000,2026-10-29T01:19:00Z,controller 2,2.5,4.072,67.03,336.42,133.8,17.06,13.27,100.0,1,On,797.2,513.27
1793236800000000000,2026-10-29T01:20:00Z,free response,2.459,4.36,66.4,96.52,55.18,17.06,14.07,100.0,1,On,584.48,739.54
1793236860000000000,2026-10-29T01:21:00Z,free response,2.487,4.181,88.45,320.85,253.32,17.04,13.19,100.0,2,On,603.7,738.72
1793236920000000000,2026-10-29T01:22:00Z,controller 2,2.47,4.094,77.5,362.77,545.61,17.03,12.41,100.0,1,On,616.14,709.58
1793236980000000000,2026-10-29T01:23:00Z,controller 2,2.441,4.298,26.95,383.61,508.24,17.0,12.66,100.0,1,On,653.28,680.59
1793237040000000000,2026-10-29T01:24:00Z,free response,2.375,4.249,123.11,422.98,401.85,16.99,12.5,100.0,3,On,623.3,690.93
1793237100000000000,2026-10-29T01:25:00Z,free response,2.509,4.521,14.23,137.69,426.67,16.96,14.87,100.0,2,On,651.4,709.58
1793237160000000000,2026-10-29T01:26:00Z,free response,2.499,4.013,144.74,361.06,530.5,16.94,13.46,100.0,3,On,637.77,692.88
1793237220000000000,2026-10-29T01:27:00Z,controller 1,2.418,4.576,111.38,405.45,280.42,16.92,14.17,100.0,1,On,619.96,674.24
1793237280000000000,2026-10-29T01:28:00Z,controller 1,2.543,4.658,149.39,6.97,447.24,16.89,15.3,100.0,2,On,515.77,434.86
1793237340000000000,2026-10-29T01:29:00Z,controller 1,2.454,4.014,26.54,138.96,459.67,16.86,11.97,100.0,3,On,499.82,460.86
1793237400000000000,2026-10-29T01:30:00Z,controller 1,0.417,1.677,5.0,60.58,396.0,16.84,0.15,100.0,1,On,512.29,489.4
1793237460000000000,2026-10-29T01:31:00Z,free response,0.343,1.905,2.38,419.77,284.08,16.82,0.11,100.0,1,On,558.97,503.47
1793237520000000000,2026-10-29T01:32:00Z,controller 2,0.467,1.468,15.81,18.51,455.59,16.8,0.14,100.0,2,On,583.14,508.82
1793237580000000000,2026-10-29T01:33:00Z,controller 2,0.462,1.77,55.81,324.46,519.0,16.78,0.2,100.0,3,On,604.61,505.71
1793237640000000000,2026-10-29T01:34:00Z,controller 1,0.452,1.983,17.44,308.18,157.98,16.75,0.22,100.0,3,On,647.99,532.09
1793237700000000000,2026-10-29T01:35:00Z,free response,0.387,1.369,156.3,189.98,598.54,16.73,0.1,100.0,3,On,621.96,502.42
1793237760000000000,2026-10-29T01:36:00Z,free response,0.396,2.008,177.69,272.28,282.58,16.71,0.15,100.0,2,On,594.77,516.76
1793237820000000000,2026-10-29T01:37:00Z,free response,0.407,1.949,19.76,348.25,206.72,16.69,0.16,100.0,3,On,584.28,497.72
1793237880000000000,2026-10-29T01:38:00Z,controller 1,0.401,2.049,161.2,113.39,83.04,16.68,0.16,100.0,3,On,617.09,471.73
1793237940000000000,2026-10-29T01:39:00Z,controller 1,0.338,1.421,-29.66,320.0,555.78,16.66,0.08,100.0,2,On,663.78,449.61
1793238000000000000,2026-10-29T01:40:00Z,controller 1,0.439,1.724,146.21,277.89,403.06,16.64,0.17,100.0,1,On,524.0,658.39
1793238060000000000,2026-10-29T01:41:00Z,free response,0.365,1.839,20.27,73.99,534.44,16.62,0.11,100.0,1,On,536.33,637.93
1793238120000000000,2026-10-29T01:42:00Z,controller 1,0.348,1.358,183.0,269.65,143.14,16.61,0.09,100.0,1,On,498.48,660.42
1793238180000000000,2026-10-29T01:43:00Z,controller 1,0.355,1.844,154.18,71.15,474.5,16.59,0.12,100.0,3,On,454.58,632.55
1793238240000000000,2026-10-29T01:44:00Z,controller 1,0.398,1.446,183.48,369.95,67.24,16.56,0.11,100.0,2,On,486.31,610.96
1793238300000000000,2026-10-29T01:45:00Z,free response,0.417,1.68,26.75,294.41,242.32,16.54,0.16,100.0,2,On,504.78,581.44
1793238360000000000,2026-10-29T01:46:00Z,controller 1,0.39,1.52,72.34,231.72,522.53,16.54,0.11,100.0,2,On,472.95,600.87
1793238420000000000,2026-10-29T01:47:00Z,controller 1,0.442,1.361,-28.84,67.02,230.45,16.53,0.12,100.0,2,On,461.74,615.28
1793238480000000000,2026-10-29T01:48:00Z,free response,0.456,2.053,-19.8,61.74,431.44,16.5,0.19,100.0,2,On,492.99,608.36
1793238540000000000,2026-10-29T01:49:00Z,controller 1,0.423,1.37,149.31,59.51,259.26,16.49,0.13,100.0,1,On,471.13,612.11
1793238600000000000,2026-10-29T01:50:00Z,free response,0.401,1.699,167.67,436.54,550.56,16.47,0.15,100.0,1,On,455.22,602.29
1793238660000000000,2026-10-29T01:51:00Z,controller 1,0.324,1.813,3.24,436.75,130.56,16.47,0.1,100.0,1,On,435.93,611.73
1793238720000000000,2026-10-29T01:52:00Z,controller 2,0.488,1.389,-2.37,321.05,211.39,16.44,0.16,100.0,2,On,393.77,581.85
1793238780000000000,2026-10-29T01:53:00Z,controller 1,0.365,1.62,102.02,406.59,376.11,16.44,0.12,100.0,2,On,394.83,563.16
1793238840000000000,2026-10-29T01:54:00Z,controller 1,0.471,1.939,75.36,364.73,543.71,16.41,0.2,100.0,3,On,359.22,588.86
1793238900000000000,2026-10-29T01:55:00Z,controller 2,0.428,1.719,135.02,7.67,560.83,16.38,0.17,100.0,2,On,391.56,604.13
1793238960000000000,2026-10-29T01:56:00Z,controller 2,0.478,1.773,190.84,383.44,384.07,16.36,0.21,100.0,1,On,360.0,584.1
1793239020000000000,2026-10-29T01:57:00Z,free response,0.356,1.493,190.22,405.98,220.63,16.33,0.1,100.0,3,On,353.33,587.13
1793239080000000000,2026-10-29T01:58:00Z,controller 1,0.455,1.973,156.1,340.88,366.67,16.31,0.19,100.0,2,On,388.41,615.58
1793239140000000000,2026-10-29T01:59:00Z,free response,0.425,1.82,152.24,15.03,522.27,16.27,0.16,100.0,3,On,393.36,603.11
1793239200000000000,2026-10-29T02:00:00Z,free response,1.925,9.727,9.86,294.03,24.35,16.26,19.31,100.0,2,On,343.6,608.99
1793239260000000000,2026-10-29T02:01:00Z,controller 1,1.852,9.336,-12.36,226.84,175.35,16.25,16.38,100.0,3,On,346.96,580.69
1793239320000000000,2026-10-29T02:02:00Z,controller 1,1.914,9.657,-6.43,298.48,204.53,16.23,19.23,100.0,2,On,309.94,572.4
1793239380000000000,2026-10-29T02:03:00Z,controller 2,1.937,9.592,124.94,432.28,409.03,16.2,18.69,100.0,2,On,266.3,543.73
1793239440000000000,2026-10-29T02:04:00Z,controller 1,1.8,9.384,66.09,326.37,457.87,16.19,16.7,100.0,1,On,270.86,564.77
1793239500000000000,2026-10-29T02:05:00Z,controller 2,1.948,9.642,-21.75,38.76,536.56,16.16,18.17,100.0,3,On,917.35,894.06
1793239560000000000,2026-10-29T02:06:00Z,controller 2,1.894,9.146,120.03,401.03,340.53,16.14,14.86,100.0,1,On,890.89,874.49
1793239620000000000,2026-10-29T02:07:00Z,controller 2,1.915,9.738,122.27,184.76,423.9,16.12,16.4,100.0,3,On,928.03,886.81
1793239680000000000,2026-10-29T02:08:00Z,controller 2,1.957,9.655,198.95,386.07,593.67,16.1,19.12,100.0,2,On,942.58,860.99
1793239740000000000,2026-10-29T02:09:00Z,free response,1.835,9.299,87.44,221.84,422.84,16.08,16.3,100.0,3,On,964.24,858.15
1793239800000000000,2026-10-29T02:10:00Z,controller 1,1.959,9.673,5.16,76.54,598.42,16.06,20.06,100.0,2,On,984.93,869.43
1793239860000000000,2026-10-29T02:11:00Z,free response,1.789,9.361,160.8,110.5,462.46,16.04,15.92,100.0,2,On,968.54,849.57
1793239920000000000,2026-10-29T02:12:00Z,controller 1,1.89,9.728,-6.69,147.58,298.75,16.02,17.3,100.0,2,On,979.85,870.06
1793239980000000000,2026-10-29T02:13:00Z,controller 1,1.895,9.867,-11.18,383.42,483.9,16.0,19.32,100.0,1,On,987.78,857.68
1793240040000000000,2026-10-29T02:14:00Z,free response,1.86,9.453,106.58,372.47,158.89,15.99,17.6,100.0,2,On,947.01,842.15
1793240100000000000,2026-10-29T02:15:00Z,controller 2,1.87,9.693,-6.1,200.06,542.31,15.98,17.95,100.0,1,On,933.92,862.84
1793240160000000000,2026-10-29T02:16:00Z,free response,1.825,9.148,132.78,273.49,166.11,15.96,15.87,100.0,1,On,923.04,876.95
1793240220000000000,2026-10-29T02:17:00Z,free response,1.87,9.386,198.63,291.8,174.61,15.93,15.27,100.0,1,On,970.06,873.85
1793240280000000000,2026-10-29T02:18:00Z,controller 1,1.855,9.361,174.1,439.63,317.42,15.92,16.25,100.0,1,On,930.6,877.06
1793240340000000000,2026-10-29T02:19:00Z,controller 1,1.875,9.117,98.21,279.88,240.51,15.89,17.17,100.0,2,On,936.28,896.46
1793240400000000000,2026-10-29T02:20:00Z,controller 1,1.91,9.235,99.15,194.95,218.48,15.86,18.18,100.0,1,On,947.1,884.05
1793240460000000000,2026-10-29T02:21:00Z,controller 2,1.848,9.581,149.12,146.56,3.7,15.85,15.8,23.42,2,On,904.32,899.75
1793240520000000000,2026-10-29T02:22:00Z,free response,1.902,9.451,154.69,338.11,91.58,15.83,18.21,100.0,1,On,875.38,924.99
1793240580000000000,2026-10-29T02:23:00Z,controller 2,1.931,9.64,31.38,382.18,56.69,15.8,17.29,100.0,2,On,836.88,952.39
1793240640000000000,2026-10-29T02:24:00Z,controller 2,1.852,9.695,93.06,382.6,277.66,15.8,16.98,100.0,2,On,865.64,954.63
1793240700000000000,2026-10-29T02:25:00Z,controller 2,1.937,9.518,4.07,260.04,158.1,15.78,19.06,100.0,1,On,879.3,944.1
1793240760000000000,2026-10-29T02:26:00Z,free response,1.885,9.707,75.33,377.11,12.35,15.75,18.18,67.93,2,On,904.0,971.01
1793240820000000000,2026-10-29T02:27:00Z,controller 2,1.9,9.375,81.55,280.49,452.33,15.75,17.14,100.0,2,On,903.79,975.82
1793240880000000000,2026-10-29T02:28:00Z,free response,1.847,9.822,103.55,86.38,399.86,15.72,17.62,100.0,3,On,1189.89,645.62
1793240940000000000,2026-10-29T02:29:00Z,controller 1,1.912,9.298,141.06,291.22,337.53,15.69,17.77,100.0,2,Starting,1239.59,640.97
1793241000000000000,2026-10-29T02:30:00Z,controller 2,2.34,4.879,16.49,65.11,289.96,15.67,14.59,100.0,1,Starting,1211.15,657.42
1793241060000000000,2026-10-29T02:31:00Z,controller 1,2.31,5.224,124.57,222.3,379.18,15.64,15.09,100.0,2,Starting,1171.38,628.84
1793241120000000000,2026-10-29T02:32:00Z,controller 1,2.294,4.737,107.19,84.66,252.92,15.62,11.9,100.0,3,Starting,1156.8,621.6
1793241180000000000,2026-10-29T02:33:00Z,controller 2,2.361,5.262,189.88,401.38,452.97,15.61,13.99,100.0,3,Starting,1111.62,639.04
1793241240000000000,2026-10-29T02:34:00Z,free response,2.389,4.796,66.13,413.26,50.52,15.6,14.08,100.0,3,Starting,1147.35,656.5
1793241300000000000,2026-10-29T02:35:00Z,controller 2,2.329,5.232,176.02,353.62,462.59,15.56,12.82,100.0,2,Starting,1134.73,671.08
1793241360000000000,2026-10-29T02:36:00Z,controller 2,2.324,4.807,91.22,416.52,225.13,15.54,12.43,100.0,1,Starting,1182.94,671.88
1793241420000000000,2026-10-29T02:37:00Z,controller 1,2.369,4.765,24.34,185.88,121.48,15.53,13.97,100.0,3,Starting,1146.35,691.11
1793241480000000000,2026-10-29T02:38:00Z,controller 2,2.298,5.366,139.06,241.37,560.24,15.51,12.92,100.0,2,Starting,1109.68,680.63
1793241540000000000,2026-10-29T02:39:00Z,free response,2.366,5.01,172.14,373.13,135.95,15.47,12.69,100.0,3,Starting,1067.7,664.03
1793241600000000000,2026-10-29T02:40:00Z,free response,2.312,4.735,174.01,424.18,282.92,15.45,12.72,100.0,2,Starting,831.43,543.25
1793241660000000000,2026-10-29T02:41:00Z,controller 1,2.261,5.139,184.52,49.44,320.39,15.43,12.91,100.0,3,Starting,786.81,520.95
1793241720000000000,2026-10-29T02:42:00Z,controller 1,2.31,4.665,98.41,98.95,414.02,15.4,13.57,100.0,1,Starting,1236.66,743.93
1793241780000000000,2026-10-29T02:43:00Z,free response,2.391,5.407,108.68,269.12,344.33,15.38,14.48,100.0,1,Starting,1223.39,767.07
1793241840000000000,2026-10-29T02:44:00Z,controller 1,2.372,5.235,104.15,227.51,437.04,15.37,13.9,100.0,1,Starting,1215.37,792.5
1793241900000000000,2026-10-29T02:45:00Z,free response,2.349,4.948,49.25,203.69,466.9,15.35,14.09,100.0,1,Starting,1174.89,781.04
1793241960000000000,2026-10-29T02:46:00Z,free response,2.348,4.664,-25.31,137.98,400.46,15.34,12.28,100.0,2,Starting,1192.71,798.97
1793242020000000000,2026-10-29T02:47:00Z,controller 2,2.287,4.77,176.18,436.01,264.4,15.32,13.26,100.0,2,Starting,1189.34,820.18
1793242080000000000,2026-10-29T02:48:00Z,controller 1,2.284,5.167,60.11,400.91,121.04,15.3,13.67,100.0,1,Starting,1174.94,831.17
1793242140000000000,2026-10-29T02:49:00Z,controller 2,2.341,5.039,82.37,229.11,11.63,15.27,13.98,83.19,3,Starting,1208.83,801.52
1793242200000000000,2026-10-29T02:50:00Z,controller 1,2.38,4.745,-18.53,74.01,154.44,15.25,12.93,100.0,1,Starting,1233.79,830.92
1793242260000000000,2026-10-29T02:51:00Z,free response,2.416,5.062,24.47,165.39,553.58,15.23,14.45,100.0,3,Starting,1218.23,836.44
1793242320000000000,2026-10-29T02:52:00Z,controller 2,2.382,4.913,104.41,373.75,39.6,15.21,15.0,100.0,2,Starting,1075.49,758.2
1793242380000000000,2026-10-29T02:53:00Z,controller 2,2.422,4.747,104.38,332.14,98.88,15.2,15.04,100.0,3,Starting,1103.87,777.8
1793242440000000000,2026-10-29T02:54:00Z,controller 1,2.308,5.242,12.98,32.4,525.3,15.19,13.37,100.0,3,Starting,1103.67,785.23
1793242500000000000,2026-10-29T02:55:00Z,free response,2.304,5.297,146.29,79.97,417.32,15.16,13.08,100.0,1,Starting,1094.05,799.83
1793242560000000000,2026-10-29T02:56:00Z,free response,2.37,5.33,19.31,153.81,185.0,15.15,15.36,100.0,3,Starting,1129.54,777.4
1793242620000000000,2026-10-29T02:57:00Z,controller 2,2.296,5.414,118.75,56.13,480.02,15.12,13.07,100.0,1,Starting,1126.85,793.93
1793242680000000000,2026-10-29T02:58:00Z,controller 1,2.267,4.96,179.14,353.4,75.58,15.1,12.62,100.0,3,Starting,1096.18,780.6
1793242740000000000,2026-10-29T02:59:00Z,free response,2.294,5.076,139.21,429.83,30.06,15.09,14.33,100.0,2,Starting,1090.34,800.91
1793242800000000000,2026-10-29T03:00:00Z,controller 1,2.962,4.846,65.52,203.17,402.39,15.08,22.64,100.0,1,Starting,1138.21,784.86
1793242860000000000,2026-10-29T03:01:00Z,controller 2,2.979,5.296,150.96,68.12,171.08,15.05,23.57,100.0,3,Starting,1175.64,762.77
1793242920000000000,2026-10-29T03:02:00Z,controller 1,3,4.917,25.98,89.09,297.44,15.05,20.26,100.0,2,Starting,1146.85,761.94
1793242980000000000,2026-10-29T03:03:00Z,free response,2.903,4.903,134.34,163.89,123.35,15.03,20.2,100.0,3,Starting,1152.39,743.01
1793243040000000000,2026-10-29T03:04:00Z,controller 1,2.985,5.108,80.0,142.28,552.55,15.0,23.88,100.0,2,Starting,1170.65,738.13
1793243100000000000,2026-10-29T03:05:00Z,controller 2,2.997,5.143,71.32,26.15,404.64,15.0,23.93,100.0,3,Starting,1195.63,744.8
1793243160000000000,2026-10-29T03:06:00Z,controller 2,3,5.298,163.66,72.54,41.45,14.98,21.82,100.0,2,Starting,1190.4,726.77
1793243220000000000,2026-10-29T03:07:00Z,free response,3,4.704,111.42,251.17,119.28,14.96,23.22,100.0,2,On,1156.46,756.63
1793243280000000000,2026-10-29T03:08:00Z,free response,2.946,4.959,26.39,91.85,565.19,14.93,20.87,100.0,2,On,1181.84,777.54
1793243340000000000,2026-10-29T03:09:00Z,free response,2.988,4.975,11.57,319.26,268.93,14.92,22.99,100.0,3,On,1152.19,759.3
1793243400000000000,2026-10-29T03:10:00Z,controller 2,3,5.091,46.65,415.32,563.15,14.88,23.52,100.0,2,On,1114.68,785.54
1793243460000000000,2026-10-29T03:11:00Z,controller 2,3,5.263,170.04,327.83,546.33,14.86,23.39,100.0,1,On,1139.96,772.27
1793243520000000000,2026-10-29T03:12:00Z,free response,2.958,4.794,131.75,23.01,526.21,14.83,22.74,100.0,3,On,1092.18,788.64
1793243580000000000,2026-10-29T03:13:00Z,controller 1,3,4.93,128.96,5.65,293.87,14.81,22.76,100.0,1,On,788.24,912.95
1793243640000000000,2026-10-29T03:14:00Z,controller 1,3,4.738,148.86,439.61,321.54,14.79,21.96,100.0,2,On,785.17,896.38
1793243700000000000,2026-10-29T03:15:00Z,controller 2,2.963,5.147,54.86,254.56,546.16,14.78,21.74,100.0,3,On,755.68,870.4
1793243760000000000,2026-10-29T03:16:00Z,free response,3,4.679,115.64,350.53,88.36,14.76,21.49,100.0,3,On,725.33,846.19
1793243820000000000,2026-10-29T03:17:00Z,controller 1,3,4.704,139.87,112.8,492.89,14.73,19.26,100.0,3,On,768.16,855.28
1793243880000000000,2026-10-29T03:18:00Z,controller 1,2.924,4.587,85.38,123.97,382.41,14.7,20.89,100.0,1,On,768.98,876.11
1793243940000000000,2026-10-29T03:19:00Z,free response,3,4.888,68.06,279.95,180.79,14.67,20.11,100.0,2,On,743.19,883.56
1793244000000000000,2026-10-29T03:20:00Z,free response,3,4.929,-24.11,210.34,291.39,14.66,23.73,100.0,2,On,968.63,785.07
1793244060000000000,2026-10-29T03:21:00Z,controller 1,3,5.06,141.12,311.66,475.8,14.64,23.33,100.0,3,On,954.57,788.39
1793244120000000000,2026-10-29T03:22:00Z,controller 2,2.901,4.848,25.28,368.98,360.04,14.64,20.29,100.0,3,On,958.67,781.57
1793244180000000000,2026-10-29T03:23:00Z,controller 2,2.96,5.014,195.79,193.17,525.62,14.62,20.67,100.0,3,On,638.59,977.52
1793244240000000000,2026-10-29T03:24:00Z,free response,2.96,5.176,108.31,81.71,240.95,14.62,21.6,100.0,2,On,629.7,964.49
1793244300000000000,2026-10-29T03:25:00Z,controller 2,2.935,5.315,109.91,121.57,151.72,14.61,22.65,100.0,2,On,986.64,457.83
1793244360000000000,2026-10-29T03:26:00Z,controller 1,2.924,5.002,190.81,293.34,129.85,14.58,22.73,100.0,3,On,999.33,444.28
1793244420000000000,2026-10-29T03:27:00Z,controller 2,3,5.019,68.28,186.41,579.31,14.56,24.59,100.0,3,On,1044.48,473.25
1793244480000000000,2026-10-29T03:28:00Z,controller 1,2.901,4.731,165.15,432.88,561.81,14.54,21.22,100.0,1,On,1076.75,497.06
1793244540000000000,2026-10-29T03:29:00Z,free response,2.906,5.163,-14.03,379.83,423.72,14.52,20.79,100.0,1,On,1066.12,471.06
1793244600000000000,2026-10-29T03:30:00Z,controller 2,1.298,6.154,119.62,327.27,561.96,14.51,4.7,100.0,1,On,1081.3,476.23
1793244660000000000,2026-10-29T03:31:00Z,controller 2,1.216,5.992,175.77,43.88,193.75,14.5,4.21,100.0,2,On,1089.23,465.49
1793244720000000000,2026-10-29T03:32:00Z,controller 1,1.341,6.137,-18.72,347.15,543.0,14.49,5.42,100.0,3,On,713.89,693.62
1793244780000000000,2026-10-29T03:33:00Z,controller 1,1.286,6.121,131.01,151.23,314.02,14.49,5.54,100.0,2,On,731.57,692.95
1793244840000000000,2026-10-29T03:34:00Z,controller 1,1.203,6.505,172.73,180.02,280.5,14.46,4.96,100.0,3,On,697.04,699.62
1793244900000000000,2026-10-29T03:35:00Z,free response,1.248,6.403,148.99,180.13,397.27,14.45,4.59,100.0,2,On,654.09,679.05
1793244960000000000,2026-10-29T03:36:00Z,free response,1.233,6.128,-16.03,423.61,158.57,14.43,4.86,100.0,2,On,628.51,697.79
1793245020000000000,2026-10-29T03:37:00Z,free response,1.332,6.007,193.46,414.83,424.77,14.41,5.11,100.0,3,On,604.39,717.67
1793245080000000000,2026-10-29T03:38:00Z,controller 2,1.318,6.462,36.76,301.21,532.39,14.38,5.93,100.0,2,On,558.23,690.39
1793245140000000000,2026-10-29T03:39:00Z,controller 1,1.325,6.036,-20.5,438.15,337.21,14.36,5.25,100.0,2,On,570.43,705.84
1793245200000000000,2026-10-29T03:40:00Z,free response,1.317,6.475,58.11,307.96,519.73,14.35,5.55,100.0,2,On,570.46,683.89
1793245260000000000,2026-10-29T03:41:00Z,controller 1,1.289,6.066,143.7,235.39,61.61,14.32,5.08,100.0,3,On,582.56,658.13
1793245320000000000,2026-10-29T03:42:00Z,free response,1.196,6.174,3.5,196.41,270.09,14.31,4.62,100.0,1,On,607.17,651.55
1793245380000000000,2026-10-29T03:43:00Z,controller 2,1.234,6.647,-19.42,151.25,308.2,14.29,5.41,100.0,3,On,560.85,663.3
1793245440000000000,2026-10-29T03:44:00Z,free response,1.226,6.656,142.87,384.37,268.49,14.28,5.34,100.0,3,On,596.51,650.02
1793245500000000000,2026-10-29T03:45:00Z,controller 2,1.306,6.45,47.04,369.98,148.03,14.25,5.99,100.0,3,On,645.64,676.75
1793245560000000000,2026-10-29T03:46:00Z,controller 1,1.296,6.638,171.3,9.67,173.84,14.22,5.12,100.0,2,On,655.29,681.84
1793245620000000000,2026-10-29T03:47:00Z,free response,1.232,6.613,108.15,102.83,474.11,14.2,5.26,100.0,2,On,635.42,660.17
1793245680000000000,2026-10-29T03:48:00Z,controller 1,1.27,6.284,108.17,77.49,393.92,14.17,5.32,100.0,2,On,619.11,653.11
1793245740000000000,2026-10-29T03:49:00Z,controller 1,1.332,6.611,180.77,103.63,166.29,14.15,5.47,100.0,3,On,597.82,673.81
1793245800000000000,2026-10-29T03:50:00Z,controller 2,1.231,6.188,58.43,309.84,513.66,14.12,4.52,100.0,2,On,636.38,700.71
1793245860000000000,2026-10-29T03:51:00Z,controller 1,1.29,6.223,12.39,291.74,64.38,14.11,5.29,100.0,1,On,611.1,729.1
1793245920000000000,2026-10-29T03:52:00Z,free response,1.344,6.46,22.18,432.15,59.93,14.08,6.1,100.0,1,Off,640.66,699.14
1793245980000000000,2026-10-29T03:53:00Z,controller 1,1.235,6.202,18.06,77.85,597.61,14.05,5.1,100.0,3,Off,600.05,722.4
1793246040000000000,2026-10-29T03:54:00Z,controller 1,1.192,6.664,98.43,68.52,436.21,14.04,5.2,100.0,3,Off,580.56,700.01
1793246100000000000,2026-10-29T03:55:00Z,controller 2,1.298,6.165,105.29,62.55,330.44,14.02,4.88,100.0,3,Off,541.11,677.11
1793246160000000000,2026-10-29T03:56:00Z,free response,1.359,5.944,38.24,408.61,286.88,14.01,5.31,100.0,3,Off,529.53,685.75
1793246220000000000,2026-10-29T03:57:00Z,free response,1.209,6.652,50.65,314.62,391.48,13.98,4.83,100.0,2,Off,491.93,658.41
1793246280000000000,2026-10-29T03:58:00Z,controller 2,1.248,6.656,153.5,64.66,148.45,13.95,5.62,100.0,3,Off,473.17,675.01
1793246340000000000,2026-10-29T03:59:00Z,controller 2,1.268,5.907,132.26,430.62,343.35,13.94,4.52,100.0,1,Off,463.74,696.96
1793246400000000000,2026-10-29T04:00:00Z,controller 1,0.329,8.019,73.85,352.69,296.28,13.93,0.44,100.0,1,Off,512.32,718.24
1793246460000000000,2026-10-29T04:01:00Z,free response,0.158,8.114,165.74,413.08,235.79,13.91,0.1,100.0,3,Off,1153.87,819.87
1793246520000000000,2026-10-29T04:02:00Z,controller 2,0.21,7.84,123.2,218.02,81.67,13.88,0.16,100.0,3,Off,1109.91,813.58
1793246580000000000,2026-10-29T04:03:00Z,free response,0.158,7.681,172.75,12.59,0.89,13.86,0.1,100.0,1,Off,1136.44,821.95
1793246640000000000,2026-10-29T04:04:00Z,controller 2,0.233,7.939,177.13,318.58,580.08,13.84,0.23,100.0,2,Off,1118.95,851.86
1793246700000000000,2026-10-29T04:05:00Z,controller 2,0.297,7.61,-16.67,17.09,574.13,13.8,0.35,100.0,2,Off,1136.05,861.49
1793246760000000000,2026-10-29T04:06:00Z,free response,0.184,7.777,195.86,167.68,119.33,13.79,0.12,100.0,1,Off,1127.92,875.22
1793246820000000000,2026-10-29T04:07:00Z,controller 1,0.295,8.105,168.58,186.88,104.96,13.77,0.32,100.0,2,Off,1118.01,896.78
1793246880000000000,2026-10-29T04:08:00Z,free response,0.227,7.669,85.52,32.94,238.01,13.75,0.2,100.0,3,Off,1073.9,896.17
1793246940000000000,2026-10-29T04:09:00Z,controller 2,0.238,7.538,29.23,151.99,80.08,13.74,0.2,100.0,1,Off,1063.53,905.96
1793247000000000000,2026-10-29T04:10:00Z,controller 2,0.21,7.759,-29.68,2.66,355.14,13.73,0.16,100.0,2,Off,1077.84,894.85
1793247060000000000,2026-10-29T04:11:00Z,controller 1,0.272,7.78,163.92,204.65,44.11,13.7,0.29,100.0,1,Off,1041.21,905.54
1793247120000000000,2026-10-29T04:12:00Z,free response,0.213,7.946,14.58,323.91,588.45,13.67,0.17,100.0,3,Off,993.87,896.98
1793247180000000000,2026-10-29T04:13:00Z,controller 2,0.153,7.581,164.78,358.06,416.22,13.66,0.1,100.0,1,Off,978.44,878.7
1793247240000000000,2026-10-29T04:14:00Z,free response,0.175,8.102,-12.94,358.61,559.47,13.63,0.12,100.0,1,Off,928.83,907.38
1793247300000000000,2026-10-29T04:15:00Z,controller 1,0.187,7.49,-29.86,167.81,293.65,13.62,0.13,100.0,1,Off,941.01,906.5
1793247360000000000,2026-10-29T04:16:00Z,free response,0.259,7.519,34.86,9.06,189.47,13.6,0.27,100.0,3,Off,990.63,936.16
1793247420000000000,2026-10-29T04:17:00Z,controller 1,0.191,8.098,-10.73,49.37,23.86,13.56,0.16,100.0,3,Off,1000.09,941.33
1793247480000000000,2026-10-29T04:18:00Z,free response,0.201,7.647,114.47,220.14,459.0,13.54,0.17,100.0,1,Off,1034.48,922.03
1793247540000000000,2026-10-29T04:19:00Z,controller 2,0.201,7.726,51.9,58.7,284.11,13.53,0.17,100.0,3,Off,990.37,921.64
1793247600000000000,2026-10-29T04:20:00Z,controller 1,0.284,8.148,-1.37,103.27,111.73,13.51,0.33,100.0,3,Off,974.8,934.37
1793247660000000000,2026-10-29T04:21:00Z,controller 1,0.258,7.869,125.49,243.99,123.5,13.49,0.26,100.0,1,Off,994.37,960.76
1793247720000000000,2026-10-29T04:22:00Z,free response,0.16,8.14,109.24,247.24,533.71,13.46,0.1,100.0,1,Off,980.2,943.08
1793247780000000000,2026-10-29T04:23:00Z,controller 2,0.228,8.146,130.02,379.17,102.89,13.46,0.21,100.0,1,Off,1022.06,953.64
1793247840000000000,2026-10-29T04:24:00Z,free response,0.194,7.512,10.87,444.32,351.53,13.44,0.15,100.0,3,Off,1040.18,933.88
1793247900000000000,2026-10-29T04:25:00Z,free response,0.219,7.762,190.06,259.86,467.75,13.42,0.19,100.0,3,Off,1014.94,927.0
1793247960000000000,2026-10-29T04:26:00Z,free response,0.305,7.871,16.38,293.28,367.39,13.4,0.38,100.0,1,Off,1040.67,918.46
1793248020000000000,2026-10-29T04:27:00Z,controller 1,0.316,7.962,163.93,89.34,105.63,13.36,0.41,100.0,1,Off,1026.44,939.46
1793248080000000000,2026-10-29T04:28:00Z,controller 1,0.168,7.753,46.99,105.36,465.41,13.35,0.12,100.0,1,Off,999.05,968.46
1793248140000000000,2026-10-29T04:29:00Z,free response,0.192,7.649,29.69,52.55,275.09,13.34,0.13,100.0,1,Off,1045.76,980.7
1793248200000000000,2026-10-29T04:30:00Z,controller 2,1.298,9.0,188.7,431.35,398.17,13.31,7.54,100.0,3,Off,1387.84,463.77
1793248260000000000,2026-10-29T04:31:00Z,controller 2,1.339,9.209,106.3,31.63,98.82,13.29,8.06,100.0,1,Off,1415.26,436.89
1793248320000000000,2026-10-29T04:32:00Z,controller 1,1.348,9.092,48.45,424.28,20.59,13.26,8.84,100.0,1,Off,1441.87,460.21
1793248380000000000,2026-10-29T04:33:00Z,controller 1,1.267,9.629,65.94,225.36,11.77,13.24,7.58,100.0,1,Off,1465.58,467.41
1793248440000000000,2026-10-29T04:34:00Z,controller 2,1.383,9.115,118.62,102.88,396.67,13.23,8.84,100.0,1,Off,1500.0,492.96
1793248500000000000,2026-10-29T04:35:00Z,controller 2,1.324,9.004,-18.97,110.34,252.18,13.22,8.04,100.0,3,Off,1472.63,497.66
1793248560000000000,2026-10-29T04:36:00Z,controller 2,1.311,9.081,196.45,411.52,310.13,13.2,7.54,100.0,1,Off,1483.34,475.75
1793248620000000000,2026-10-29T04:37:00Z,controller 2,1.332,9.597,21.99,135.43,597.71,13.18,9.16,100.0,1,Off,1500.0,447.69
1793248680000000000,2026-10-29T04:38:00Z,free response,1.384,9.569,31.3,315.16,287.51,13.18,8.89,100.0,1,Off,1481.34,469.18
1793248740000000000,2026-10-29T04:39:00Z,free response,1.353,9.144,94.59,444.57,155.55,13.15,8.21,100.0,3,Off,1500.0,473.46
1793248800000000000,2026-10-29T04:40:00Z,controller 1,1.271,9.179,23.11,88.2,81.61,13.13,8.04,100.0,2,Off,1480.44,482.33
1793248860000000000,2026-10-29T04:41:00Z,controller 1,1.269,9.358,177.0,297.07,492.7,13.11,7.11,100.0,1,Off,1500.0,455.13
1793248920000000000,2026-10-29T04:42:00Z,controller 1,1.304,9.489,-26.62,256.05,425.57,13.08,7.84,100.0,2,Off,1500.0,437.35
1793248980000000000,2026-10-29T04:43:00Z,controller 2,1.372,9.33,45.51,418.4,231.37,13.05,9.18,100.0,2,Off,1500.0,440.65
1793249040000000000,2026-10-29T04:44:00Z,free response,1.265,9.004,181.38,301.36,151.22,13.03,7.3,100.0,2,Off,1500.0,458.4
1793249100000000000,2026-10-29T04:45:00Z,controller 1,1.245,8.895,-9.3,439.6,0.71,13.0,6.24,11.38,2,Off,1466.46,438.67
1793249160000000000,2026-10-29T04:46:00Z,controller 2,1.271,8.997,78.68,85.71,373.99,12.98,6.88,100.0,1,Off,1457.47,409.67
1793249220000000000,2026-10-29T04:47:00Z,controller 1,1.299,9.025,55.38,169.99,310.29,12.97,7.66,100.0,1,Off,1466.59,383.77
1793249280000000000,2026-10-29T04:48:00Z,controller 1,1.386,9.627,116.88,117.47,451.45,12.96,8.81,100.0,3,Off,1479.96,359.27
1793249340000000000,2026-10-29T04:49:00Z,free response,1.309,9.107,87.26,94.92,528.7,12.95,7.1,100.0,3,Off,1500.0,364.18
1793249400000000000,2026-10-29T04:50:00Z,free response,1.352,9.57,-8.93,161.86,545.95,12.92,8.71,100.0,1,Off,852.0,877.1
1793249460000000000,2026-10-29T04:51:00Z,controller 2,1.252,9.099,183.24,269.99,414.18,12.9,6.5,100.0,2,Off,895.07,860.16
1793249520000000000,2026-10-29T04:52:00Z,free response,1.319,9.486,116.76,326.11,356.68,12.86,7.64,100.0,3,Off,860.17,865.44
1793249580000000000,2026-10-29T04:53:00Z,free response,1.292,8.978,98.3,14.01,285.47,12.83,6.88,100.0,3,Off,830.49,841.2
1793249640000000000,2026-10-29T04:54:00Z,controller 2,1.325,9.069,140.17,350.37,5.52,12.8,8.21,67.24,1,Off,822.79,835.35
1793249700000000000,2026-10-29T04:55:00Z,controller 1,1.214,9.238,64.07,277.24,245.97,12.77,7.33,100.0,3,Off,824.48,814.54
1793249760000000000,2026-10-29T04:56:00Z,controller 1,1.353,9.523,167.34,233.29,79.51,12.75,8.05,100.0,3,Off,823.69,839.13
1793249820000000000,2026-10-29T04:57:00Z,free response,1.348,9.381,-0.55,146.53,384.49,12.74,9.26,100.0,2,Off,847.9,863.07
1793249880000000000,2026-10-29T04:58:00Z,controller 2,1.271,9.468,145.92,381.58,28.09,12.71,7.0,100.0,2,Off,897.33,857.19
1793249940000000000,2026-10-29T04:59:00Z,controller 2,1.297,9.108,117.05,112.93,410.34,12.69,8.22,100.0,1,Off,940.5,873.61
1793250000000000000,2026-10-29T05:00:00Z,controller 1,0.436,11.585,24.41,144.37,247.73,12.66,0.99,100.0,2,Off,953.01,885.79
1793250060000000000,2026-10-29T05:01:00Z,controller 2,0.352,12.043,-23.31,98.39,559.5,12.64,0.68,100.0,3,Off,931.02,903.47
1793250120000000000,2026-10-29T05:02:00Z,free response,0.354,12.083,148.51,220.08,332.01,12.61,0.81,100.0,3,Off,882.71,926.6
1793250180000000000,2026-10-29T05:03:00Z,free response,0.357,11.909,30.1,271.04,476.6,12.61,0.69,100.0,2,Off,838.43,936.83
1793250240000000000,2026-10-29T05:04:00Z,free response,0.408,11.654,92.64,376.34,523.46,12.58,0.88,100.0,3,Off,838.91,947.04
1793250300000000000,2026-10-29T05:05:00Z,controller 1,0.482,11.815,118.14,413.58,42.28,12.57,1.41,100.0,2,Off,822.41,936.44
1793250360000000000,2026-10-29T05:06:00Z,controller 1,0.324,12.197,15.98,204.92,20.9,12.56,0.64,100.0,3,Off,858.75,920.53
1793250420000000000,2026-10-29T05:07:00Z,free response,0.425,12.183,74.74,196.22,528.76,12.53,1.16,100.0,2,Off,811.51,921.42
1793250480000000000,2026-10-29T05:08:00Z,free response,0.367,11.464,30.32,53.27,25.28,12.52,0.84,100.0,2,Off,771.74,900.03
1793250540000000000,2026-10-29T05:09:00Z,controller 1,0.331,12.118,-5.69,174.6,173.83,12.5,0.63,100.0,1,Off,791.11,874.81
1793250600000000000,2026-10-29T05:10:00Z,controller 1,0.43,12.225,53.0,330.18,522.39,12.48,1.03,100.0,2,Off,590.79,583.26
1793250660000000000,2026-10-29T05:11:00Z,free response,0.339,11.888,133.03,195.91,444.55,12.47,0.68,100.0,3,Off,577.34,570.74
1793250720000000000,2026-10-29T05:12:00Z,controller 1,0.358,11.525,-14.4,247.67,537.24,12.44,0.72,100.0,1,Off,625.3,559.45
1793250780000000000,2026-10-29T05:13:00Z,controller 2,0.416,12.032,139.7,137.1,351.04,12.41,0.94,100.0,1,Off,594.78,547.14
1793250840000000000,2026-10-29T05:14:00Z,controller 1,0.459,11.834,32.73,415.04,515.37,12.38,1.23,100.0,2,Off,551.35,517.92
1793250900000000000,2026-10-29T05:15:00Z,free response,0.391,11.81,150.23,284.86,424.86,12.37,0.81,100.0,3,Off,598.8,490.25
1793250960000000000,2026-10-29T05:16:00Z,controller 1,0.466,11.896,150.94,122.63,414.48,12.34,1.23,100.0,2,Off,624.76,479.71
1793251020000000000,2026-10-29T05:17:00Z,free response,0.471,11.602,18.77,222.7,338.79,12.31,1.31,100.0,1,Off,615.53,466.08
1793251080000000000,2026-10-29T05:18:00Z,controller 1,0.454,12.235,17.75,52.95,276.16,12.29,1.22,100.0,3,Off,606.88,462.71
1793251140000000000,2026-10-29T05:19:00Z,controller 2,0.411,11.811,34.93,446.04,140.19,12.25,0.96,100.0,2,Off,629.21,396.9
1793251200000000000,2026-10-29T05:20:00Z,controller 1,0.467,12.206,25.42,58.27,536.81,12.22,1.29,100.0,2,Off,643.92,390.73
1793251260000000000,2026-10-29T05:21:00Z,controller 1,0.401,12.031,81.52,410.11,332.29,12.2,0.92,100.0,2,Off,693.12,382.55
1793251320000000000,2026-10-29T05:22:00Z,controller 1,0.341,12.063,121.82,221.18,213.69,12.19,0.71,100.0,1,Off,646.72,389.89
1793251380000000000,2026-10-29T05:23:00Z,controller 1,0.447,12.05,26.34,113.7,68.83,12.17,1.17,100.0,1,Off,687.62,408.82
1793251440000000000,2026-10-29T05:24:00Z,controller 1,0.414,12.119,180.49,266.61,267.32,12.15,0.96,100.0,1,Off,651.09,408.71
1793251500000000000,2026-10-29T05:25:00Z,controller 1,0.34,11.94,80.95,191.53,170.87,12.12,0.73,100.0,3,Off,675.49,381.71
1793251560000000000,2026-10-29T05:26:00Z,free response,0.44,12.173,196.87,322.23,217.44,12.09,1.26,100.0,1,Off,704.74,408.01
1793251620000000000,2026-10-29T05:27:00Z,controller 1,0.331,11.732,-12.55,63.77,588.21,12.06,0.62,100.0,3,Off,690.95,407.19
1793251680000000000,2026-10-29T05:28:00Z,controller 2,0.476,12.058,186.33,407.14,448.27,12.05,1.33,100.0,1,Off,1121.93,580.28
1793251740000000000,2026-10-29T05:29:00Z,free response,0.465,11.747,155.25,245.02,22.58,12.03,1.34,100.0,3,Off,1158.2,604.74
1793251800000000000,2026-10-29T05:30:00Z,controller 2,2.841,2.845,-4.67,91.24,553.42,11.99,11.8,100.0,3,Off,1189.6,595.09
1793251860000000000,2026-10-29T05:31:00Z,free response,2.808,2.546,144.32,11.45,528.37,11.97,9.59,100.0,3,Off,1238.23,582.87
1793251920000000000,2026-10-29T05:32:00Z,controller 1,2.943,2.796,33.17,177.54,225.96,11.95,12.31,100.0,1,Off,1212.26,560.26
1793251980000000000,2026-10-29T05:33:00Z,controller 2,2.821,2.846,188.38,387.94,155.01,11.92,12.02,100.0,3,Off,1175.39,537.9
1793252040000000000,2026-10-29T05:34:00Z,controller 1,2.825,2.383,59.2,18.97,406.54,11.91,10.37,100.0,2,Off,1140.83,509.67
1793252100000000000,2026-10-29T05:35:00Z,free response,2.803,2.363,144.07,382.15,585.79,11.89,10.11,100.0,3,Off,1108.19,496.39
1793252160000000000,2026-10-29T05:36:00Z,controller 1,2.844,2.958,128.65,417.97,592.66,11.88,11.59,100.0,2,Off,1079.2,517.37
1793252220000000000,2026-10-29T05:37:00Z,controller 1,2.858,2.721,90.02,332.18,54.64,11.87,11.06,100.0,3,Off,1122.62,501.43
1793252280000000000,2026-10-29T05:38:00Z,controller 2,2.838,2.594,158.4,108.22,131.35,11.86,9.59,100.0,3,Off,1146.44,475.74
1793252340000000000,2026-10-29T05:39:00Z,controller 1,2.901,2.49,122.77,29.58,519.61,11.85,11.03,100.0,1,Off,1122.47,479.92
1793252400000000000,2026-10-29T05:40:00Z,controller 2,2.951,2.596,150.71,401.71,493.88,11.84,10.73,100.0,3,Off,1161.11,485.0
1793252460000000000,2026-10-29T05:41:00Z,controller 1,2.842,2.62,132.24,378.01,159.22,11.82,10.76,100.0,1,Off,1141.32,478.6
1793252520000000000,2026-10-29T05:42:00Z,free response,2.904,2.95,-26.41,178.62,563.42,11.81,11.23,100.0,1,Starting,1159.33,491.65
1793252580000000000,2026-10-29T05:43:00Z,controller 1,2.938,2.561,137.35,180.61,435.95,11.78,10.39,100.0,1,Starting,1206.99,512.21
1793252640000000000,2026-10-29T05:44:00Z,controller 1,2.876,2.449,39.37,84.4,312.43,11.78,9.34,100.0,3,Starting,1236.8,494.97
1793252700000000000,2026-10-29T05:45:00Z,controller 1,2.865,2.4,144.82,409.6,315.67,11.75,9.84,100.0,2,Starting,1271.41,514.18
1793252760000000000,2026-10-29T05:46:00Z,controller 1,2.81,2.912,2.03,163.21,480.28,11.72,11.96,100.0,2,Starting,1258.59,501.88
1793252820000000000,2026-10-29T05:47:00Z,controller 1,2.902,2.557,124.41,342.69,126.02,11.72,10.86,100.0,3,Starting,1307.59,482.26
1793252880000000000,2026-10-29T05:48:00Z,free response,2.849,2.548,91.02,172.49,490.16,11.7,9.73,100.0,1,Starting,1289.71,468.41
1793252940000000000,2026-10-29T05:49:00Z,controller 2,2.908,2.932,187.81,7.27,340.57,11.69,12.29,100.0,2,Starting,1320.16,485.39
1793253000000000000,2026-10-29T05:50:00Z,free response,2.863,3.035,-22.68,1.61,456.38,11.67,12.06,100.0,1,Starting,1302.96,486.01
1793253060000000000,2026-10-29T05:51:00Z,controller 1,2.971,2.841,92.93,415.66,322.35,11.66,13.4,100.0,2,Starting,1338.17,503.87
1793253120000000000,2026-10-29T05:52:00Z,controller 2,2.832,2.734,66.52,188.59,518.18,11.63,10.97,100.0,2,Starting,1314.22,486.45
1793253180000000000,2026-10-29T05:53:00Z,controller 1,2.888,2.328,187.72,71.23,66.55,11.6,8.86,100.0,3,Starting,1347.15,465.55
1793253240000000000,2026-10-29T05:54:00Z,controller 1,2.917,2.976,82.9,349.06,536.76,11.59,12.61,100.0,1,Starting,1328.65,476.11
1793253300000000000,2026-10-29T05:55:00Z,controller 2,2.813,2.452,24.46,349.8,88.27,11.59,10.46,100.0,3,Starting,1309.52,482.55
1793253360000000000,2026-10-29T05:56:00Z,free response,2.918,2.861,191.68,180.95,301.15,11.56,11.23,100.0,1,Starting,1358.5,506.94
1793253420000000000,2026-10-29T05:57:00Z,controller 1,2.899,2.851,-19.83,347.28,199.92,11.53,12.59,100.0,1,Starting,1358.23,513.3
1793253480000000000,2026-10-29T05:58:00Z,controller 2,2.949,3.037,-19.32,403.99,379.79,11.52,13.72,100.0,3,Starting,1340.12,518.21
1793253540000000000,2026-10-29T05:59:00Z,controller 2,2.866,2.503,-19.99,145.75,496.26,11.49,9.52,100.0,1,Starting,1334.11,512.6
1793253600000000000,2026-10-29T06:00:00Z,controller 1,1.095,4.976,84.8,295.34,231.29,11.48,2.82,100.0,3,Starting,1285.32,538.1
1793253660000000000,2026-10-29T06:01:00Z,controller 2,1.076,5.37,163.13,208.42,348.83,11.46,3.0,100.0,2,Starting,1247.25,557.92
1793253720000000000,2026-10-29T06:02:00Z,controller 1,1.185,4.869,141.56,411.71,457.45,11.45,3.46,100.0,3,Starting,1259.43,532.35
1793253780000000000,2026-10-29T06:03:00Z,controller 2,1.12,4.986,80.66,146.45,134.98,11.42,3.41,100.0,3,Starting,1293.33,532.49
1793253840000000000,2026-10-29T06:04:00Z,controller 1,1.194,5.218,166.0,397.12,115.96,11.41,3.51,100.0,1,Starting,1299.5,513.68
1793253900000000000,2026-10-29T06:05:00Z,controller 1,1.235,5.277,-15.89,313.82,425.07,11.39,4.03,100.0,3,Starting,1335.35,501.1
1793253960000000000,2026-10-29T06:06:00Z,controller 2,1.214,5.269,196.44,109.81,0.85,11.38,4.05,20.99,1,Starting,1331.43,505.32
1793254020000000000,2026-10-29T06:07:00Z,controller 1,1.205,5.006,169.59,6.1,294.66,11.37,3.86,100.0,3,Starting,1308.01,511.6
1793254080000000000,2026-10-29T06:08:00Z,controller 2,1.094,5.149,113.34,390.77,66.82,11.36,3.2,100.0,3,Starting,1304.44,498.16
1793254140000000000,2026-10-29T06:09:00Z,controller 2,1.096,5.505,34.11,218.96,342.48,11.33,3.3,100.0,3,Starting,1298.27,494.9
1793254200000000000,2026-10-29T06:10:00Z,controller 2,1.179,5.515,182.03,419.33,444.52,11.31,3.96,100.0,3,Starting,1260.75,486.28
1793254260000000000,2026-10-29T06:11:00Z,controller 2,1.117,5.398,42.88,78.51,349.41,11.3,3.48,100.0,3,Starting,1281.23,485.25
1793254320000000000,2026-10-29T06:12:00Z,free response,1.16,5.154,28.93,294.21,429.77,11.28,3.79,100.0,2,Starting,1323.63,484.43
1793254380000000000,2026-10-29T06:13:00Z,free response,1.245,5.402,-22.08,50.19,286.92,11.27,4.13,100.0,2,Starting,1331.57,480.22
1793254440000000000,2026-10-29T06:14:00Z,controller 2,1.128,5.287,197.03,157.68,584.65,11.24,3.41,100.0,2,Starting,1306.1,473.58
1793254500000000000,2026-10-29T06:15:00Z,controller 2,1.165,4.94,18.43,70.07,207.72,11.21,3.07,100.0,3,Starting,1308.51,469.81
1793254560000000000,2026-10-29T06:16:00Z,controller 2,1.203,4.849,15.0,146.3,435.95,11.19,3.48,100.0,2,Starting,1297.06,486.61
1793254620000000000,2026-10-29T06:17:00Z,free response,1.177,5.412,130.04,152.27,248.41,11.17,3.69,100.0,2,Starting,1336.42,473.13
1793254680000000000,2026-10-29T06:18:00Z,controller 1,1.136,5.136,41.73,304.37,102.0,11.15,3.23,100.0,2,Starting,1333.15,484.56
1793254740000000000,2026-10-29T06:19:00Z,free response,1.071,5.27,190.89,409.21,77.36,11.12,2.84,100.0,2,Starting,1351.83,467.91
1793254800000000000,2026-10-29T06:20:00Z,free response,1.083,5.175,109.31,164.2,515.68,11.11,3.19,100.0,3,Starting,1371.05,478.85
1793254860000000000,2026-10-29T06:21:00Z,controller 1,1.242,5.066,59.12,366.16,184.36,11.09,4.04,100.0,3,Starting,1327.55,500.08
1793254920000000000,2026-10-29T06:22:00Z,controller 1,1.116,4.81,110.76,387.81,458.91,11.07,2.83,100.0,2,Starting,1304.92,515.3
1793254980000000000,2026-10-29T06:23:00Z,controller 1,1.214,4.984,66.07,34.8,190.3,11.06,3.66,100.0,1,Starting,1303.01,495.06
1793255040000000000,2026-10-29T06:24:00Z,controller 1,1.173,5.211,68.21,272.69,145.23,11.03,3.75,100.0,2,Starting,1352.12,488.27
1793255100000000000,2026-10-29T06:25:00Z,controller 2,1.123,4.768,123.39,132.73,292.5,11.01,2.92,100.0,3,Starting,1338.84,508.45
1793255160000000000,2026-10-29T06:26:00Z,free response,1.17,5.089,170.49,84.16,224.81,10.99,3.65,100.0,1,Starting,1322.86,525.44
1793255220000000000,2026-10-29T06:27:00Z,free response,1.182,4.991,42.4,204.77,529.8,10.98,3.59,100.0,2,Starting,1336.18,509.94
1793255280000000000,2026-10-29T06:28:00Z,free response,1.093,4.974,151.85,318.97,523.14,10.97,3.13,100.0,2,Starting,1325.22,527.81
1793255340000000000,2026-10-29T06:29:00Z,free response,1.131,4.827,1.88,147.26,529.85,10.95,2.9,100.0,2,Starting,1356.58,511.24
1793255400000000000,2026-10-29T06:30:00Z,controller 1,2.431,10.459,172.95,409.96,480.02,10.94,33.57,100.0,3,Starting,1325.37,534.18
1793255460000000000,2026-10-29T06:31:00Z,controller 2,2.474,10.819,84.17,347.21,264.05,10.93,35.19,100.0,1,Starting,1283.85,521.8
1793255520000000000,2026-10-29T06:32:00Z,free response,2.423,10.26,-28.83,375.27,475.83,10.92,28.28,100.0,3,Starting,1240.84,503.97
1793255580000000000,2026-10-29T06:33:00Z,controller 1,2.471,10.604,17.37,175.39,238.39,10.89,32.68,100.0,3,On,1288.2,479.06
1793255640000000000,2026-10-29T06:34:00Z,controller 2,2.394,10.557,128.56,153.97,408.27,10.88,32.89,100.0,1,On,1279.38,488.13
1793255700000000000,2026-10-29T06:35:00Z,free response,2.315,10.565,132.8,298.57,404.62,10.87,29.41,100.0,2,On,1308.19,482.35
1793255760000000000,2026-10-29T06:36:00Z,free response,2.376,10.319,18.81,210.17,351.12,10.85,29.0,100.0,1,On,1264.65,476.06
1793255820000000000,2026-10-29T06:37:00Z,controller 1,2.306,10.84,166.81,397.46,117.0,10.82,28.95,100.0,1,On,1251.76,499.65
1793255880000000000,2026-10-29T06:38:00Z,controller 1,2.446,10.361,149.77,13.79,103.88,10.81,33.74,100.0,1,On,1224.7,526.95
1793255940000000000,2026-10-29T06:39:00Z,controller 1,2.391,10.36,-22.75,111.68,227.91,10.79,31.55,100.0,3,On,1235.82,507.51
1793256000000000000,2026-10-29T06:40:00Z,controller 1,2.317,10.505,-11.74,245.71,315.95,10.75,25.68,100.0,2,On,1248.85,486.79
1793256060000000000,2026-10-29T06:41:00Z,free response,2.354,10.581,147.68,10.36,577.73,10.73,31.28,100.0,2,On,1264.36,502.11
1793256120000000000,2026-10-29T06:42:00Z,free response,2.378,10.915,-20.94,282.27,311.68,10.72,32.0,100.0,3,On,1282.53,499.31
1793256180000000000,2026-10-29T06:43:00Z,free response,2.33,10.433,49.24,196.8,20.82,10.7,29.41,70.79,3,On,1234.19,471.12
1793256240000000000,2026-10-29T06:44:00Z,controller 1,2.409,10.721,33.58,315.29,403.53,10.67,33.93,100.0,1,On,1202.68,481.34
1793256300000000000,2026-10-29T06:45:00Z,controller 2,2.318,10.606,109.15,443.47,205.05,10.64,28.4,100.0,3,On,1168.17,461.75
1793256360000000000,2026-10-29T06:46:00Z,controller 1,2.477,10.922,-27.45,278.28,535.45,10.62,35.97,100.0,2,On,1182.21,468.77
1793256420000000000,2026-10-29T06:47:00Z,controller 1,2.465,10.409,16.62,5.42,294.09,10.59,28.9,100.0,2,On,601.58,512.88
1793256480000000000,2026-10-29T06:48:00Z,free response,2.408,10.32,29.42,307.65,118.91,10.57,28.31,100.0,2,On,585.99,497.51
1793256540000000000,2026-10-29T06:49:00Z,controller 2,2.345,10.766,148.07,410.04,0.62,10.56,27.39,2.26,2,On,562.03,520.78
1793256600000000000,2026-10-29T06:50:00Z,controller 1,2.389,10.717,182.81,376.26,253.51,10.55,32.1,100.0,2,On,568.36,500.95
1793256660000000000,2026-10-29T06:51:00Z,free response,2.481,10.772,100.27,260.57,288.79,10.54,32.06,100.0,3,On,525.57,496.6
1793256720000000000,2026-10-29T06:52:00Z,controller 1,2.472,10.28,71.57,370.7,10.81,10.53,29.82,36.25,1,On,572.06,509.38
1793256780000000000,2026-10-29T06:53:00Z,controller 1,2.383,10.567,7.28,249.87,427.95,10.52,32.11,100.0,1,On,612.9,485.71
1793256840000000000,2026-10-29T06:54:00Z,controller 2,2.345,10.899,123.06,265.09,245.59,10.51,30.15,100.0,3,On,611.19,457.34
1793256900000000000,2026-10-29T06:55:00Z,controller 2,2.464,10.676,158.39,54.05,29.6,10.49,32.77,90.33,3,On,688.12,836.39
1793256960000000000,2026-10-29T06:56:00Z,controller 2,2.31,10.438,180.7,86.86,525.97,10.47,30.54,100.0,3,On,712.27,855.18
1793257020000000000,2026-10-29T06:57:00Z,controller 2,2.353,10.891,130.62,339.6,221.65,10.45,32.86,100.0,1,On,682.6,843.69
1793257080000000000,2026-10-29T06:58:00Z,free response,2.425,10.302,80.05,54.91,562.58,10.42,32.42,100.0,3,On,690.36,849.67
1793257140000000000,2026-10-29T06:59:00Z,free response,2.405,10.385,128.2,265.14,328.95,10.41,30.42,100.0,2,On,702.51,829.43
1793257200000000000,2026-10-29T07:00:00Z,controller 1,1.576,10.696,85.32,7.19,34.19,10.38,13.11,100.0,1,On,680.8,801.46
1793257260000000000,2026-10-29T07:01:00Z,free response,1.606,10.451,192.56,38.36,13.73,10.36,12.27,100.0,3,On,661.35,802.44
1793257320000000000,2026-10-29T07:02:00Z,controller 1,1.586,10.697,153.96,204.42,514.24,10.33,13.28,100.0,3,On,684.64,782.97
1793257380000000000,2026-10-29T07:03:00Z,free response,1.601,11.006,174.64,59.37,575.87,10.32,15.35,100.0,3,On,638.42,781.64
1793257440000000000,2026-10-29T07:04:00Z,controller 1,1.642,11.062,18.63,21.62,273.61,10.3,14.79,100.0,2,On,589.84,805.16
1793257500000000000,2026-10-29T07:05:00Z,free response,1.557,11.141,51.8,441.97,552.29,10.28,12.38,100.0,1,On,553.66,810.94
1793257560000000000,2026-10-29T07:06:00Z,controller 2,1.664,10.772,109.34,191.35,282.49,10.25,15.85,100.0,2,On,568.53,815.15
1793257620000000000,2026-10-29T07:07:00Z,free response,1.576,10.767,71.88,168.8,242.27,10.24,12.97,100.0,3,On,1374.85,578.69
1793257680000000000,2026-10-29T07:08:00Z,free response,1.687,10.798,35.16,238.97,296.98,10.21,14.04,100.0,3,On,1330.83,581.79
1793257740000000000,2026-10-29T07:09:00Z,controller 2,1.534,10.827,191.68,346.78,208.67,10.2,12.5,100.0,3,On,1316.17,572.9
1793257800000000000,2026-10-29T07:10:00Z,free response,1.543,11.195,57.6,419.07,566.07,10.18,13.34,100.0,2,On,1359.16,571.05
1793257860000000000,2026-10-29T07:11:00Z,controller 1,1.574,10.687,183.77,214.6,9.11,10.16,12.59,72.36,3,On,1368.95,593.84
1793257920000000000,2026-10-29T07:12:00Z,controller 1,1.535,10.468,153.42,413.57,192.5,10.14,13.22,100.0,3,On,1354.98,609.45
1793257980000000000,2026-10-29T07:13:00Z,controller 2,1.691,10.897,51.94,244.75,64.51,10.13,15.48,100.0,2,On,1344.82,614.26
1793258040000000000,2026-10-29T07:14:00Z,controller 2,1.527,10.563,163.93,205.6,398.24,10.1,12.42,100.0,3,On,1337.73,628.27
1793258100000000000,2026-10-29T07:15:00Z,free response,1.534,10.565,34.81,130.0,475.55,10.07,13.07,100.0,3,On,1297.3,640.53
1793258160000000000,2026-10-29T07:16:00Z,controller 1,1.582,11.083,185.62,381.14,518.73,10.04,14.06,100.0,1,On,584.68,950.77
1793258220000000000,2026-10-29T07:17:00Z,controller 2,1.663,11.159,50.48,298.32,5.28,10.01,14.37,36.74,1,On,621.76,964.08
1793258280000000000,2026-10-29T07:18:00Z,controller 1,1.638,10.453,102.63,395.54,297.6,9.98,12.82,100.0,3,On,588.58,986.71
1793258340000000000,2026-10-29T07:19:00Z,free response,1.635,10.942,124.65,49.57,13.12,9.96,13.39,97.98,1,On,542.17,988.79
1793258400000000000,2026-10-29T07:20:00Z,free response,1.605,10.975,76.35,442.17,292.6,9.94,14.79,100.0,1,On,518.96,996.0
1793258460000000000,2026-10-29T07:21:00Z,controller 2,1.618,10.721,101.44,347.73,394.5,9.93,13.09,100.0,2,On,489.6,1000.0
1793258520000000000,2026-10-29T07:22:00Z,free response,1.645,10.531,43.76,117.24,273.04,9.9,15.41,100.0,1,On,470.18,1000.0
1793258580000000000,2026-10-29T07:23:00Z,controller 2,1.638,11.126,-10.61,362.76,473.0,9.88,15.91,100.0,2,On,434.38,1000.0
1793258640000000000,2026-10-29T07:24:00Z,controller 1,1.531,11.097,120.64,93.26,270.05,9.86,13.43,100.0,3,On,398.47,1000.0
1793258700000000000,2026-10-29T07:25:00Z,controller 2,1.677,11.055,151.81,51.22,185.64,9.85,15.5,100.0,1,On,398.84,977.97
1793258760000000000,2026-10-29T07:26:00Z,free response,1.627,10.58,31.63,83.61,272.68,9.84,14.13,100.0,1,On,399.8,1000.0
1793258820000000000,2026-10-29T07:27:00Z,controller 2,1.686,10.559,108.33,143.25,594.15,9.82,16.04,100.0,2,On,448.24,998.92
1793258880000000000,2026-10-29T07:28:00Z,free response,1.541,11.062,181.02,372.17,574.51,9.79,12.53,100.0,2,On,419.1,998.5
1793258940000000000,2026-10-29T07:29:00Z,free response,1.542,10.918,136.47,183.43,149.38,9.76,13.42,100.0,2,On,397.56,1000.0
1793259000000000000,2026-10-29T07:30:00Z,free response,1.508,13.93,138.46,147.48,29.75,9.74,15.43,100.0,2,On,351.19,1000.0
1793259060000000000,2026-10-29T07:31:00Z,controller 2,1.594,13.865,13.75,68.78,537.93,9.71,16.94,100.0,1,On,336.33,1000.0
1793259120000000000,2026-10-29T07:32:00Z,free response,1.54,13.508,96.67,268.25,301.05,9.68,16.8,100.0,3,On,299.64,973.66
1793259180000000000,2026-10-29T07:33:00Z,free response,1.654,14,15.08,253.81,315.7,9.67,19.4,100.0,1,On,309.63,969.32
1793259240000000000,2026-10-29T07:34:00Z,free response,1.654,13.868,150.48,76.76,404.66,9.65,18.13,100.0,3,On,327.1,974.94
1793259300000000000,2026-10-29T07:35:00Z,controller 2,1.517,13.992,6.82,305.47,399.56,9.62,16.99,100.0,2,On,344.84,996.86
1793259360000000000,2026-10-29T07:36:00Z,controller 1,1.623,13.54,124.75,125.65,67.92,9.6,18.3,100.0,1,On,380.35,978.11
1793259420000000000,2026-10-29T07:37:00Z,free response,1.485,13.634,80.31,48.95,91.92,9.58,16.03,100.0,1,On,369.39,952.12
1793259480000000000,2026-10-29T07:38:00Z,free response,1.598,13.86,67.11,54.03,565.14,9.57,17.14,100.0,1,On,383.01,935.8
1793259540000000000,2026-10-29T07:39:00Z,controller 1,1.515,13.666,50.88,245.16,390.94,9.53,14.28,100.0,1,On,397.52,959.15
1793259600000000000,2026-10-29T07:40:00Z,controller 2,1.488,14,111.27,378.64,168.71,9.53,16.11,100.0,2,On,396.37,934.58
1793259660000000000,2026-10-29T07:41:00Z,controller 1,1.542,13.757,39.74,120.54,317.54,9.5,17.23,100.0,1,On,367.83,942.44
1793259720000000000,2026-10-29T07:42:00Z,free response,1.586,13.786,17.85,412.82,498.77,9.48,18.53,100.0,1,On,335.53,924.08
1793259780000000000,2026-10-29T07:43:00Z,controller 2,1.577,14,97.27,316.97,294.89,9.45,17.9,100.0,2,On,293.82,906.47
1793259840000000000,2026-10-29T07:44:00Z,controller 1,1.525,13.982,151.63,264.47,167.56,9.42,15.55,100.0,2,On,261.61,907.78
1793259900000000000,2026-10-29T07:45:00Z,controller 2,1.634,13.724,48.1,156.12,350.21,9.4,20.01,100.0,3,On,288.33,915.2
1793259960000000000,2026-10-29T07:46:00Z,controller 2,1.594,14,68.95,276.07,373.0,9.39,16.25,100.0,3,On,248.48,902.43
1793260020000000000,2026-10-29T07:47:00Z,controller 1,1.562,13.973,66.67,376.41,328.48,9.35,17.45,100.0,3,On,260.37,898.26
1793260080000000000,2026-10-29T07:48:00Z,free response,1.513,13.486,-2.45,23.05,156.53,9.32,14.1,100.0,1,On,245.95,921.5
1793260140000000000,2026-10-29T07:49:00Z,controller 1,1.584,13.549,-5.93,128.35,463.42,9.3,17.5,100.0,3,On,295.42,898.6
1793260200000000000,2026-10-29T07:50:00Z,controller 1,1.576,13.546,56.33,51.83,169.2,9.27,16.24,100.0,1,On,245.93,887.07
1793260260000000000,2026-10-29T07:51:00Z,controller 2,1.529,14,150.02,216.48,577.6,9.24,17.57,100.0,3,On,209.83,914.0
1793260320000000000,2026-10-29T07:52:00Z,controller 2,1.532,13.445,-1.14,405.31,278.3,9.22,17.29,100.0,1,On,236.64,891.48
1793260380000000000,2026-10-29T07:53:00Z,controller 2,1.613,13.562,157.26,291.65,131.41,9.22,16.42,100.0,2,On,247.23,895.32
1793260440000000000,2026-10-29T07:54:00Z,controller 2,1.559,14,93.31,424.39,375.48,9.19,15.6,100.0,1,On,291.71,924.3
1793260500000000000,2026-10-29T07:55:00Z,free response,1.51,13.68,194.02,98.91,552.08,9.17,14.48,100.0,2,On,254.52,949.75
1793260560000000000,2026-10-29T07:56:00Z,controller 2,1.64,13.94,-9.42,317.85,374.27,9.16,18.49,100.0,1,On,270.81,954.94
1793260620000000000,2026-10-29T07:57:00Z,controller 2,1.517,14,46.82,335.72,187.2,9.14,17.3,100.0,1,On,237.45,940.14
1793260680000000000,2026-10-29T07:58:00Z,controller 1,1.515,13.97,133.05,351.05,59.74,9.11,15.96,100.0,3,On,240.71,955.98
1793260740000000000,2026-10-29T07:59:00Z,free response,1.543,13.931,118.72,142.22,553.4,9.07,17.47,100.0,3,On,221.69,930.98
1793260800000000000,2026-10-29T08:00:00Z,controller 1,2.207,6.798,134.99,327.53,193.62,9.07,17.45,100.0,3,On,183.76,946.42
1793260860000000000,2026-10-29T08:01:00Z,free response,2.203,6.648,124.36,5.44,65.4,9.04,15.13,100.0,1,On,150.37,952.04
1793260920000000000,2026-10-29T08:02:00Z,controller 1,2.2,7.239,116.92,404.6,565.14,9.02,16.13,100.0,3,On,167.07,960.77
1793260980000000000,2026-10-29T08:03:00Z,controller 1,2.213,6.699,116.12,395.83,46.61,9.02,15.13,100.0,3,On,208.01,965.16
1793261040000000000,2026-10-29T08:04:00Z,controller 2,2.24,7.062,2.16,275.79,244.78,8.99,18.22,100.0,3,On,245.7,961.42
1793261100000000000,2026-10-29T08:05:00Z,free response,2.275,6.892,125.71,365.1,456.11,8.96,18.25,100.0,1,On,196.69,972.74
1793261160000000000,2026-10-29T08:06:00Z,controller 2,2.216,7.309,148.39,416.06,46.87,8.94,18.01,100.0,3,On,221.41,958.35
1793261220000000000,2026-10-29T08:07:00Z,controller 1,2.277,6.621,-24.36,322.58,558.55,8.92,15.47,100.0,3,On,181.65,977.69
1793261280000000000,2026-10-29T08:08:00Z,free response,2.298,6.855,-1.0,19.99,568.26,8.9,17.18,100.0,1,On,208.55,950.79
1793261340000000000,2026-10-29T08:09:00Z,free response,2.28,6.939,113.02,7.58,95.19,8.88,19.54,100.0,3,On,168.53,930.11
1793261400000000000,2026-10-29T08:10:00Z,controller 1,2.226,6.783,28.89,136.56,481.82,8.85,16.25,100.0,3,On,157.99,900.66
1793261460000000000,2026-10-29T08:11:00Z,controller 1,2.188,6.802,84.71,86.53,570.97,8.83,17.26,100.0,2,On,154.04,903.54
1793261520000000000,2026-10-29T08:12:00Z,free response,2.256,6.595,108.86,156.62,290.96,8.82,15.35,100.0,2,On,168.98,921.52
1793261580000000000,2026-10-29T08:13:00Z,controller 1,2.235,7.244,107.14,172.82,21.61,8.79,19.16,100.0,2,On,156.94,931.73
1793261640000000000,2026-10-29T08:14:00Z,free response,2.305,6.827,3.23,206.83,512.93,8.77,16.33,100.0,3,On,156.0,908.55
1793261700000000000,2026-10-29T08:15:00Z,controller 2,2.221,7.104,111.73,68.04,524.39,8.75,15.78,100.0,1,On,124.61,889.78
1793261760000000000,2026-10-29T08:16:00Z,controller 1,2.29,6.745,179.89,105.52,28.91,8.72,17.35,100.0,1,On,124.16,873.48
1793261820000000000,2026-10-29T08:17:00Z,free response,2.28,7.132,133.63,49.55,536.74,8.69,19.59,100.0,1,On,98.74,896.2
1793261880000000000,2026-10-29T08:18:00Z,controller 1,2.252,6.799,181.09,408.63,355.6,8.66,17.46,100.0,2,On,107.99,870.43
1793261940000000000,2026-10-29T08:19:00Z,free response,2.181,6.921,160.68,62.34,215.85,8.65,15.13,100.0,1,On,144.17,843.28
1793262000000000000,2026-10-29T08:20:00Z,free response,2.169,7.29,-29.48,121.53,235.19,8.64,17.32,100.0,2,On,113.58,845.95
1793262060000000000,2026-10-29T08:21:00Z,controller 1,2.303,6.819,124.22,129.76,153.65,8.61,16.55,100.0,2,On,144.5,858.74
1793262120000000000,2026-10-29T08:22:00Z,controller 2,2.299,7.023,-18.46,84.47,473.24,8.58,18.89,100.0,2,On,140.46,858.55
1793262180000000000,2026-10-29T08:23:00Z,controller 1,2.237,7.139,36.33,433.87,82.41,8.58,18.87,100.0,3,On,173.41,888.04
1793262240000000000,2026-10-29T08:24:00Z,controller 2,2.323,6.961,102.73,360.62,42.82,8.57,18.03,100.0,2,On,192.02,869.0
1793262300000000000,2026-10-29T08:25:00Z,controller 2,2.191,6.588,195.32,78.74,360.73,8.56,14.43,100.0,2,On,202.95,842.77
1793262360000000000,2026-10-29T08:26:00Z,controller 1,2.312,6.616,109.23,300.04,482.02,8.53,17.49,100.0,1,On,166.77,833.56
1793262420000000000,2026-10-29T08:27:00Z,controller 2,2.278,6.599,188.35,26.98,314.46,8.52,17.91,100.0,3,On,214.9,815.72
1793262480000000000,2026-10-29T08:28:00Z,controller 2,2.234,6.885,195.46,98.58,556.6,8.5,17.37,100.0,3,On,264.37,812.74
1793262540000000000,2026-10-29T08:29:00Z,controller 1,2.163,6.944,77.09,38.26,419.23,8.5,17.69,100.0,3,On,249.02,818.86
1793262600000000000,2026-10-29T08:30:00Z,controller 1,1.922,11.494,104.84,397.38,234.59,8.47,19.39,100.0,3,On,910.18,911.85
1793262660000000000,2026-10-29T08:31:00Z,controller 2,1.905,11.505,29.63,244.24,401.68,8.46,21.53,100.0,3,On,946.98,886.57
1793262720000000000,2026-10-29T08:32:00Z,free response,1.932,11.298,142.33,90.27,549.86,8.44,20.88,100.0,2,On,953.73,915.9
1793262780000000000,2026-10-29T08:33:00Z,controller 2,1.945,11.58,165.36,345.0,265.6,8.42,22.04,100.0,3,On,915.04,918.28
1793262840000000000,2026-10-29T08:34:00Z,free response,1.854,11.479,163.48,83.13,98.52,8.4,17.76,100.0,2,On,887.59,931.2
1793262900000000000,2026-10-29T08:35:00Z,controller 1,1.955,11.148,22.91,360.43,135.58,8.37,21.18,100.0,3,On,860.24,901.88
1793262960000000000,2026-10-29T08:36:00Z,controller 2,1.934,11.177,79.52,329.16,17.15,8.35,21.95,78.13,3,On,846.12,924.51
1793263020000000000,2026-10-29T08:37:00Z,free response,1.881,11.812,170.55,150.28,514.1,8.33,22.8,100.0,1,On,857.01,952.83
1793263080000000000,2026-10-29T08:38:00Z,free response,1.87,11.289,53.26,119.97,122.82,8.31,18.13,100.0,1,On,870.31,974.8
1793263140000000000,2026-10-29T08:39:00Z,free response,1.935,11.578,21.27,81.09,230.81,8.3,23.56,100.0,3,On,869.29,946.52
1793263200000000000,2026-10-29T08:40:00Z,controller 2,1.868,11.732,123.72,105.06,57.13,8.27,20.83,100.0,1,On,880.39,930.86
1793263260000000000,2026-10-29T08:41:00Z,free response,2.004,11.728,146.36,120.87,565.18,8.26,24.13,100.0,1,On,856.98,903.44
1793263320000000000,2026-10-29T08:42:00Z,free response,2.003,11.765,9.93,248.7,417.25,8.23,21.83,100.0,1,On,809.26,907.46
1793263380000000000,2026-10-29T08:43:00Z,free response,1.878,11.488,58.84,283.56,133.21,8.21,21.75,100.0,2,On,825.3,926.42
1793263440000000000,2026-10-29T08:44:00Z,free response,1.949,11.275,-25.01,390.63,495.93,8.19,22.81,100.0,3,On,831.66,915.69
1793263500000000000,2026-10-29T08:45:00Z,free response,1.84,11.242,148.32,12.21,62.85,8.18,18.96,100.0,2,On,828.4,904.79
1793263560000000000,2026-10-29T08:46:00Z,controller 1,2.011,11.239,-9.32,179.77,376.66,8.15,23.76,100.0,3,On,833.09,917.34
1793263620000000000,2026-10-29T08:47:00Z,controller 1,1.903,11.225,8.72,237.63,440.38,8.13,18.5,100.0,1,On,784.22,913.13
1793263680000000000,2026-10-29T08:48:00Z,controller 1,1.907,11.834,0.25,216.28,65.47,8.1,20.24,100.0,2,On,748.21,932.87
1793263740000000000,2026-10-29T08:49:00Z,free response,1.956,11.334,68.2,125.94,405.51,8.09,20.2,100.0,3,On,747.2,936.81
1793263800000000000,2026-10-29T08:50:00Z,free response,1.868,11.503,100.83,121.23,543.71,8.07,20.13,100.0,3,On,709.44,923.77
1793263860000000000,2026-10-29T08:51:00Z,controller 1,1.971,11.329,-3.07,370.55,523.39,8.07,20.2,100.0,1,On,757.0,933.67
1793263920000000000,2026-10-29T08:52:00Z,free response,1.847,11.736,161.01,153.68,429.99,8.06,21.2,100.0,1,On,712.49,940.02
1793263980000000000,2026-10-29T08:53:00Z,free response,1.856,11.358,108.42,225.01,334.89,8.03,18.5,100.0,3,On,761.29,957.17
1793264040000000000,2026-10-29T08:54:00Z,controller 1,1.994,11.145,20.26,234.77,393.21,8.02,23.05,100.0,3,On,765.73,927.46
1793264100000000000,2026-10-29T08:55:00Z,free response,1.857,11.224,134.48,344.89,83.52,7.99,20.62,100.0,2,On,751.53,940.39
1793264160000000000,2026-10-29T08:56:00Z,controller 2,2.013,11.14,45.8,264.3,107.13,7.96,22.75,100.0,1,On,538.63,906.95
1793264220000000000,2026-10-29T08:57:00Z,controller 1,1.893,11.299,16.94,405.54,326.91,7.93,19.22,100.0,3,On,520.24,911.6
1793264280000000000,2026-10-29T08:58:00Z,controller 2,1.984,11.323,131.49,37.29,222.24,7.92,22.03,100.0,3,On,480.35,901.4
1793264340000000000,2026-10-29T08:59:00Z,controller 2,1.84,11.243,7.82,141.26,124.26,7.89,20.31,100.0,3,On,519.89,893.44
1793264400000000000,2026-10-29T09:00:00Z,controller 2,1.473,5.009,108.02,350.97,102.77,7.86,5.82,100.0,1,On,510.56,922.89
1793264460000000000,2026-10-29T09:01:00Z,free response,1.451,5.154,151.21,151.09,586.4,7.85,5.32,100.0,3,On,499.52,944.78
1793264520000000000,2026-10-29T09:02:00Z,free response,1.458,5.395,23.99,181.19,418.15,7.84,6.18,100.0,1,On,478.29,937.43
1793264580000000000,2026-10-29T09:03:00Z,controller 1,1.453,4.873,170.4,334.6,179.69,7.82,5.38,100.0,2,On,510.29,946.26
1793264640000000000,2026-10-29T09:04:00Z,controller 2,1.414,5.332,68.06,11.17,308.58,7.79,5.08,100.0,3,On,536.56,918.19
1793264700000000000,2026-10-29T09:05:00Z,controller 2,1.408,5.121,83.17,405.19,7.0,7.78,5.4,100.0,3,On,506.13,869.05
1793264760000000000,2026-10-29T09:06:00Z,free response,1.449,5.373,71.77,242.69,442.96,7.78,6.17,100.0,3,On,512.18,898.85
1793264820000000000,2026-10-29T09:07:00Z,free response,1.459,5.099,42.73,323.01,332.08,7.76,4.9,100.0,3,On,516.34,903.62
1793264880000000000,2026-10-29T09:08:00Z,free response,1.33,5.077,5.79,426.6,429.95,7.73,4.11,100.0,2,On,536.46,874.61
1793264940000000000,2026-10-29T09:09:00Z,free response,1.32,5.25,78.93,317.2,461.21,7.72,4.74,100.0,3,On,496.68,895.29
1793265000000000000,2026-10-29T09:10:00Z,controller 1,1.342,5.198,161.22,434.25,99.25,7.69,4.28,100.0,3,On,481.92,890.76
1793265060000000000,2026-10-29T09:11:00Z,controller 2,1.348,4.893,-9.77,346.1,0.73,7.67,4.76,15.34,2,On,477.09,914.32
1793265120000000000,2026-10-29T09:12:00Z,controller 2,1.441,5.574,36.01,171.45,202.16,7.65,5.58,100.0,3,On,466.94,927.96
1793265180000000000,2026-10-29T09:13:00Z,free response,1.333,5.202,-14.27,129.72,507.07,7.63,4.56,100.0,3,On,1154.76,541.72
1793265240000000000,2026-10-29T09:14:00Z,controller 2,1.441,4.991,86.97,212.65,107.79,7.62,4.95,100.0,2,On,1190.77,522.37
1793265300000000000,2026-10-29T09:15:00Z,controller 2,1.328,5.304,0.76,407.07,95.73,7.59,5.11,100.0,1,On,1219.95,497.91
1793265360000000000,2026-10-29T09:16:00Z,free response,1.346,4.854,92.86,3.45,123.71,7.56,4.1,100.0,3,On,1200.68,473.27
1793265420000000000,2026-10-29T09:17:00Z,controller 2,1.442,5.244,123.42,268.87,560.56,7.54,5.63,100.0,2,On,1243.13,451.73
1793265480000000000,2026-10-29T09:18:00Z,controller 1,1.35,4.908,109.36,426.97,509.62,7.52,4.19,100.0,2,On,1206.36,464.81
1793265540000000000,2026-10-29T09:19:00Z,free response,1.413,4.849,51.97,291.99,285.85,7.51,4.44,100.0,2,On,1253.56,484.03
1793265600000000000,2026-10-29T09:20:00Z,controller 1,1.468,5.025,199.3,98.54,226.56,7.47,5.03,100.0,1,On,1272.3,464.92
1793265660000000000,2026-10-29T09:21:00Z,controller 1,1.364,5.237,117.35,263.35,567.47,7.47,4.92,100.0,3,On,1317.26,480.15
1793265720000000000,2026-10-29T09:22:00Z,controller 1,1.477,5.275,173.06,219.84,113.88,7.44,5.58,100.0,1,On,1299.9,496.58
1793265780000000000,2026-10-29T09:23:00Z,free response,1.354,5.097,-10.95,153.08,46.24,7.41,4.98,100.0,3,On,1298.22,501.09
1793265840000000000,2026-10-29T09:24:00Z,free response,1.328,5.406,24.8,244.02,208.97,7.37,5.04,100.0,2,On,1269.94,472.75
1793265900000000000,2026-10-29T09:25:00Z,free response,1.463,5.458,155.09,335.6,315.47,7.36,5.58,100.0,2,On,1230.66,449.82
1793265960000000000,2026-10-29T09:26:00Z,controller 1,1.315,5.122,89.5,404.0,291.73,7.33,4.71,100.0,2,On,1231.6,435.64
1793266020000000000,2026-10-29T09:27:00Z,free response,1.392,5.11,118.15,21.98,180.54,7.31,5.2,100.0,3,On,1276.45,439.31
1793266080000000000,2026-10-29T09:28:00Z,free response,1.327,5.256,187.57,256.49,433.66,7.29,4.91,100.0,1,On,1249.43,429.43
1793266140000000000,2026-10-29T09:29:00Z,controller 1,1.357,5.115,-8.38,240.64,302.11,7.27,4.6,100.0,2,On,1292.28,454.4
1793266200000000000,2026-10-29T09:30:00Z,free response,2.164,12.199,84.28,350.94,347.54,7.26,28.68,100.0,2,On,1299.9,483.27
1793266260000000000,2026-10-29T09:31:00Z,free response,2.054,12.447,86.72,438.66,414.54,7.25,28.0,100.0,1,On,1289.04,467.24
1793266320000000000,2026-10-29T09:32:00Z,controller 2,2.086,12.854,149.61,176.48,111.75,7.21,25.69,100.0,1,On,1315.02,448.38
1793266380000000000,2026-10-29T09:33:00Z,free response,2.106,12.644,56.73,136.34,356.8,7.2,27.71,100.0,2,On,1291.27,422.87
1793266440000000000,2026-10-29T09:34:00Z,controller 1,2.037,12.853,-22.9,158.71,442.77,7.19,28.15,100.0,2,On,1339.84,394.67
1793266500000000000,2026-10-29T09:35:00Z,controller 1,2.166,12.615,182.74,201.78,82.44,7.18,30.48,100.0,1,On,1324.74,381.85
1793266560000000000,2026-10-29T09:36:00Z,controller 1,2.095,12.84,159.93,71.1,546.81,7.17,25.53,100.0,1,On,1334.0,389.24
1793266620000000000,2026-10-29T09:37:00Z,controller 1,2.032,12.248,-12.22,387.15,157.54,7.15,23.9,100.0,2,On,1319.19,366.69
1793266680000000000,2026-10-29T09:38:00Z,controller 1,2.131,12.329,199.13,271.96,108.1,7.13,28.41,100.0,2,On,1274.71,359.47
1793266740000000000,2026-10-29T09:39:00Z,controller 2,2.027,12.783,11.79,194.03,200.26,7.11,27.76,100.0,2,On,1298.65,330.83
1793266800000000000,2026-10-29T09:40:00Z,controller 1,2.144,12.766,-25.15,300.61,493.96,7.08,28.44,100.0,3,On,1292.87,336.38
1793266860000000000,2026-10-29T09:41:00Z,controller 1,2.067,12.241,57.72,416.68,580.72,7.06,28.11,100.0,2,On,1243.44,309.16
1793266920000000000,2026-10-29T09:42:00Z,controller 1,2.082,12.807,50.35,221.46,595.28,7.04,29.93,100.0,3,On,1194.65,330.24
1793266980000000000,2026-10-29T09:43:00Z,controller 1,2.16,12.513,-14.31,100.4,435.44,7.02,26.55,100.0,2,On,1240.71,342.83
1793267040000000000,2026-10-29T09:44:00Z,controller 2,2.137,12.601,148.09,299.58,89.24,7.01,28.91,100.0,1,On,1219.63,335.13
1793267100000000000,2026-10-29T09:45:00Z,controller 2,2.042,12.794,-0.37,364.12,466.76,7.0,24.71,100.0,1,On,1256.24,328.7
1793267160000000000,2026-10-29T09:46:00Z,free response,2.182,12.888,138.15,395.48,169.72,6.98,32.78,100.0,2,On,1259.02,348.37
1793267220000000000,2026-10-29T09:47:00Z,controller 2,2.153,12.765,52.6,333.61,345.57,6.96,27.8,100.0,1,On,1212.51,339.44
1793267280000000000,2026-10-29T09:48:00Z,controller 2,2.12,12.4,138.72,144.23,127.17,6.92,28.76,100.0,3,On,1216.28,356.49
1793267340000000000,2026-10-29T09:49:00Z,controller 2,2.13,12.612,95.65,204.43,515.29,6.9,28.88,100.0,2,On,1175.78,382.06
1793267400000000000,2026-10-29T09:50:00Z,free response,2.084,12.826,96.42,255.61,366.98,6.87,25.36,100.0,1,On,1218.51,388.96
1793267460000000000,2026-10-29T09:51:00Z,free response,2.094,12.497,48.89,250.82,344.98,6.85,28.73,100.0,3,On,1210.84,371.5
1793267520000000000,2026-10-29T09:52:00Z,controller 2,2.187,12.87,72.62,308.32,103.91,6.81,33.14,100.0,3,On,1213.13,368.21
1793267580000000000,2026-10-29T09:53:00Z,controller 1,2.17,12.192,101.11,408.29,11.01,6.78,26.85,41.01,2,On,1212.71,356.9
1793267640000000000,2026-10-29T09:54:00Z,controller 1,2.158,12.842,160.1,218.07,511.19,6.76,32.25,100.0,3,On,1211.65,377.82
1793267700000000000,2026-10-29T09:55:00Z,controller 1,2.049,12.701,-29.59,113.43,588.93,6.73,25.8,100.0,1,On,1226.18,382.19
1793267760000000000,2026-10-29T09:56:00Z,controller 2,2.113,12.821,-16.03,320.15,189.05,6.7,28.82,100.0,1,On,1203.16,396.94
1793267820000000000,2026-10-29T09:57:00Z,controller 2,2.124,12.927,194.53,394.61,427.04,6.68,28.48,100.0,3,On,1227.08,393.82
1793267880000000000,2026-10-29T09:58:00Z,controller 1,2.146,12.61,195.19,307.77,36.67,6.65,29.12,100.0,1,On,1295.31,788.05
1793267940000000000,2026-10-29T09:59:00Z,free response,2.067,12.848,24.47,57.64,21.54,6.63,28.11,76.63,1,On,1339.87,805.6
1793268000000000000,2026-10-29T10:00:00Z,controller 1,1.633,7.012,164.53,12.51,449.14,6.61,8.72,100.0,1,On,1316.28,811.28
1793268060000000000,2026-10-29T10:01:00Z,controller 1,1.595,7.516,159.32,52.31,154.15,6.58,8.63,100.0,2,On,1309.35,818.55
1793268120000000000,2026-10-29T10:02:00Z,controller 1,1.594,7.505,67.01,53.76,490.54,6.56,9.87,100.0,2,On,1314.05,839.44
1793268180000000000,2026-10-29T10:03:00Z,free response,1.526,6.951,175.35,371.92,529.43,6.55,8.15,100.0,2,On,1322.11,843.02
1793268240000000000,2026-10-29T10:04:00Z,controller 1,1.552,7.293,134.74,325.51,107.39,6.54,8.37,100.0,1,On,1287.9,855.92
1793268300000000000,2026-10-29T10:05:00Z,controller 1,1.651,7.31,-11.12,132.54,97.08,6.52,10.6,100.0,3,On,1380.56,651.76
1793268360000000000,2026-10-29T10:06:00Z,free response,1.593,7.374,90.64,125.78,278.33,6.49,8.67,100.0,1,On,1374.93,667.97
1793268420000000000,2026-10-29T10:07:00Z,free response,1.63,6.923,48.56,4.37,546.87,6.47,8.29,100.0,2,On,1395.57,645.88
1793268480000000000,2026-10-29T10:08:00Z,controller 1,1.668,7.253,172.61,57.34,270.64,6.43,11.09,100.0,1,On,1352.73,622.31
1793268540000000000,2026-10-29T10:09:00Z,controller 1,1.557,7.13,-9.07,197.99,225.46,6.42,9.04,100.0,2,On,1353.18,598.15
1793268600000000000,2026-10-29T10:10:00Z,controller 2,1.515,7.349,5.65,65.03,19.55,6.41,9.22,100.0,2,On,1318.0,607.27
1793268660000000000,2026-10-29T10:11:00Z,free response,1.583,7.462,146.8,282.29,500.27,6.39,9.41,100.0,1,On,1310.37,598.34
1793268720000000000,2026-10-29T10:12:00Z,controller 1,1.538,7.149,4.75,363.01,435.79,6.36,8.01,100.0,1,On,1268.61,614.55
1793268780000000000,2026-10-29T10:13:00Z,controller 1,1.67,7.255,178.03,280.24,452.21,6.34,10.66,100.0,1,On,1226.99,607.84
1793268840000000000,2026-10-29T10:14:00Z,controller 1,1.573,7.3,56.75,440.23,207.5,6.3,8.65,100.0,1,On,1244.32,632.82
1793268900000000000,2026-10-29T10:15:00Z,controller 1,1.627,7.61,91.04,214.75,115.34,6.3,9.59,100.0,2,On,1272.96,613.1
1793268960000000000,2026-10-29T10:16:00Z,controller 1,1.557,7.14,170.08,165.18,117.63,6.29,9.17,100.0,1,On,1262.08,595.7
1793269020000000000,2026-10-29T10:17:00Z,free response,1.562,7.468,111.54,175.49,465.34,6.28,8.21,100.0,1,On,1225.76,620.22
1793269080000000000,2026-10-29T10:18:00Z,free response,1.656,7.236,25.57,404.42,59.87,6.27,10.69,100.0,2,On,1202.19,623.93
1793269140000000000,2026-10-29T10:19:00Z,controller 2,1.639,7.044,14.15,133.53,524.12,6.25,9.83,100.0,3,On,1232.05,641.57
1793269200000000000,2026-10-29T10:20:00Z,free response,1.575,7.09,24.69,260.74,72.61,6.24,9.34,100.0,3,On,1245.88,626.33
1793269260000000000,2026-10-29T10:21:00Z,free response,1.58,7.235,17.02,252.25,71.8,6.23,8.21,100.0,2,On,1275.34,914.79
1793269320000000000,2026-10-29T10:22:00Z,controller 2,1.601,7.417,111.02,212.67,301.12,6.22,8.64,100.0,1,On,1293.14,887.97
1793269380000000000,2026-10-29T10:23:00Z,free response,1.603,7.171,43.42,344.05,267.2,6.2,9.6,100.0,1,On,1310.89,886.65
1793269440000000000,2026-10-29T10:24:00Z,free response,1.671,7.385,63.89,112.58,344.17,6.17,10.6,100.0,2,On,1335.12,880.58
1793269500000000000,2026-10-29T10:25:00Z,free response,1.516,7.317,0.11,241.05,119.16,6.15,8.19,100.0,2,On,1366.58,856.85
1793269560000000000,2026-10-29T10:26:00Z,controller 2,1.5,7.178,133.85,415.69,107.11,6.14,7.62,100.0,1,On,1386.85,853.13
1793269620000000000,2026-10-29T10:27:00Z,free response,1.651,7.299,189.43,1.04,528.65,6.11,10.32,100.0,1,On,1339.95,839.32
1793269680000000000,2026-10-29T10:28:00Z,controller 1,1.578,7.295,76.57,243.97,24.32,6.1,9.68,100.0,1,On,1320.17,862.24
1793269740000000000,2026-10-29T10:29:00Z,free response,1.658,7.573,199.0,376.17,484.79,6.07,10.8,100.0,1,On,1310.96,885.85
1793269800000000000,2026-10-29T10:30:00Z,free response,2.053,10.587,175.95,428.86,548.44,6.06,22.88,100.0,1,On,1325.97,903.56
1793269860000000000,2026-10-29T10:31:00Z,free response,2.034,10.601,166.3,327.37,164.56,6.05,21.94,100.0,1,On,1333.58,879.58
1793269920000000000,2026-10-29T10:32:00Z,free response,2.031,10.872,45.07,104.16,6.67,6.02,20.73,32.18,1,On,1343.52,884.97
1793269980000000000,2026-10-29T10:33:00Z,controller 1,1.981,10.998,70.17,105.32,72.26,6.01,19.86,100.0,1,On,1347.98,877.23
1793270040000000000,2026-10-29T10:34:00Z,controller 1,2.08,10.422,82.09,133.88,517.24,5.98,24.24,100.0,2,On,1369.46,864.15
1793270100000000000,2026-10-29T10:35:00Z,controller 1,2.043,11.028,46.71,149.12,465.57,5.96,22.94,100.0,1,On,1336.98,848.6
1793270160000000000,2026-10-29T10:36:00Z,controller 1,2.09,10.363,44.13,362.12,459.19,5.95,20.88,100.0,3,On,1335.7,829.82
1793270220000000000,2026-10-29T10:37:00Z,free response,1.985,10.344,169.88,269.36,129.51,5.94,20.32,100.0,3,On,1297.24,829.0
1793270280000000000,2026-10-29T10:38:00Z,controller 1,2.005,10.507,114.29,177.68,193.25,5.91,20.86,100.0,3,On,1251.03,825.78
1793270340000000000,2026-10-29T10:39:00Z,free response,2.092,10.858,-9.06,108.1,220.3,5.9,21.75,100.0,1,On,1299.58,826.06
1793270400000000000,2026-10-29T10:40:00Z,free response,1.972,10.374,111.16,116.93,236.37,5.87,20.55,100.0,1,On,1313.06,850.44
1793270460000000000,2026-10-29T10:41:00Z,controller 1,1.983,10.812,-21.12,38.84,184.97,5.85,21.76,100.0,3,On,1276.55,831.93
1793270520000000000,2026-10-29T10:42:00Z,controller 2,1.995,10.306,165.98,26.8,299.29,5.84,19.49,100.0,2,On,1319.22,852.01
1793270580000000000,2026-10-29T10:43:00Z,controller 2,2.032,10.913,48.51,284.55,488.31,5.82,20.67,100.0,3,On,1345.4,856.71
1793270640000000000,2026-10-29T10:44:00Z,controller 1,2.093,10.522,65.33,303.3,581.88,5.81,24.13,100.0,1,On,1339.61,834.66
1793270700000000000,2026-10-29T10:45:00Z,controller 2,1.958,10.422,-8.21,272.43,183.82,5.79,18.88,100.0,3,On,1329.12,851.59
1793270760000000000,2026-10-29T10:46:00Z,controller 2,2.091,10.378,52.77,290.19,335.84,5.76,22.64,100.0,2,On,1356.26,863.97
1793270820000000000,2026-10-29T10:47:00Z,controller 2,2.013,10.404,-19.58,396.19,181.02,5.75,23.1,100.0,3,On,1377.05,859.92
1793270880000000000,2026-10-29T10:48:00Z,controller 1,1.952,10.445,-10.47,429.05,179.8,5.72,21.67,100.0,1,On,1351.54,882.43
1793270940000000000,2026-10-29T10:49:00Z,controller 2,2.046,10.404,37.1,4.46,513.61,5.69,21.32,100.0,2,On,1333.91,886.5
1793271000000000000,2026-10-29T10:50:00Z,controller 1,1.987,10.801,67.71,12.83,489.58,5.67,20.85,100.0,3,On,1354.46,859.39
1793271060000000000,2026-10-29T10:51:00Z,controller 2,1.981,10.567,142.92,377.17,314.57,5.64,22.61,100.0,3,On,1347.75,830.9
1793271120000000000,2026-10-29T10:52:00Z,free response,2.027,10.736,128.63,134.4,271.22,5.61,20.89,100.0,1,On,1325.41,808.85
1793271180000000000,2026-10-29T10:53:00Z,controller 1,1.931,10.901,34.66,266.03,343.38,5.59,21.7,100.0,3,On,1283.24,793.3
1793271240000000000,2026-10-29T10:54:00Z,controller 1,2.041,10.562,146.16,405.68,329.6,5.58,22.35,100.0,1,On,1233.63,796.07
1793271300000000000,2026-10-29T10:55:00Z,free response,2.096,10.537,0.73,10.76,228.69,5.55,22.55,100.0,2,On,1248.38,810.71
1793271360000000000,2026-10-29T10:56:00Z,free response,1.976,10.334,71.55,250.81,313.76,5.52,19.98,100.0,1,On,1262.81,801.1
1793271420000000000,2026-10-29T10:57:00Z,controller 1,1.955,10.687,114.33,245.91,411.06,5.49,20.49,100.0,2,On,1248.87,800.11
1793271480000000000,2026-10-29T10:58:00Z,controller 1,2.061,10.682,55.35,310.56,408.68,5.47,22.09,100.0,3,On,1218.09,815.39
1793271540000000000,2026-10-29T10:59:00Z,free response,2.017,10.935,96.31,270.06,411.36,5.46,23.33,100.0,1,On,1259.41,801.33
1793271600000000000,2026-10-29T11:00:00Z,free response,1.658,6.705,81.13,388.27,185.12,5.44,9.21,100.0,3,On,1261.07,829.98
1793271660000000000,2026-10-29T11:01:00Z,free response,1.697,6.478,130.77,349.53,382.22,5.42,9.13,100.0,3,On,1308.31,844.45
1793271720000000000,2026-10-29T11:02:00Z,free response,1.694,6.837,-4.76,169.3,585.39,5.4,9.49,100.0,2,On,1289.41,846.38
1793271780000000000,2026-10-29T11:03:00Z,controller 2,1.673,6.816,118.13,105.13,417.32,5.37,9.43,100.0,1,On,1335.57,848.2
1793271840000000000,2026-10-29T11:04:00Z,controller 2,1.651,6.913,168.71,222.16,551.97,5.34,9.4,100.0,2,On,1384.89,876.0
1793271900000000000,2026-10-29T11:05:00Z,controller 2,1.609,6.729,36.73,390.24,154.11,5.32,8.76,100.0,3,On,1371.59,885.86
1793271960000000000,2026-10-29T11:06:00Z,controller 1,1.694,6.972,-29.66,363.51,273.13,5.3,9.33,100.0,1,On,1404.73,914.47
1793272020000000000,2026-10-29T11:07:00Z,controller 1,1.608,7.083,66.79,237.0,224.04,5.29,9.37,100.0,1,On,1392.51,884.95
1793272080000000000,2026-10-29T11:08:00Z,controller 2,1.709,6.815,123.07,301.06,161.46,5.27,9.69,100.0,2,On,1346.84,871.96
1793272140000000000,2026-10-29T11:09:00Z,free response,1.602,7.069,-24.34,124.69,22.76,5.26,8.94,100.0,1,On,1327.63,895.44
1793272200000000000,2026-10-29T11:10:00Z,controller 1,1.61,6.364,185.88,132.56,195.23,5.23,8.4,100.0,2,On,1303.19,898.21
1793272260000000000,2026-10-29T11:11:00Z,free response,1.645,6.677,-21.17,357.66,412.17,5.21,8.84,100.0,3,On,1337.79,916.41
1793272320000000000,2026-10-29T11:12:00Z,controller 1,1.546,6.351,96.64,263.73,253.99,5.2,7.35,100.0,3,On,1340.27,886.62
1793272380000000000,2026-10-29T11:13:00Z,controller 1,1.608,6.717,167.55,430.5,376.78,5.17,8.46,100.0,1,On,1355.72,871.04
1793272440000000000,2026-10-29T11:14:00Z,controller 2,1.541,6.434,5.07,176.16,596.1,5.15,7.9,100.0,3,On,1324.33,883.56
1793272500000000000,2026-10-29T11:15:00Z,controller 2,1.648,7.072,-1.27,379.52,161.63,5.12,9.27,100.0,2,On,1310.48,911.18
1793272560000000000,2026-10-29T11:16:00Z,controller 1,1.706,6.75,166.36,49.66,576.78,5.11,10.59,100.0,2,On,1300.44,905.73
1793272620000000000,2026-10-29T11:17:00Z,controller 1,1.542,6.795,197.05,348.38,117.46,5.1,7.55,100.0,3,On,1312.08,879.77
1793272680000000000,2026-10-29T11:18:00Z,controller 2,1.599,7.035,131.21,379.28,29.53,5.09,9.52,100.0,3,On,1277.63,894.41
1793272740000000000,2026-10-29T11:19:00Z,controller 2,1.584,6.703,52.46,211.48,567.68,5.06,9.24,100.0,3,On,1239.24,916.95
1793272800000000000,2026-10-29T11:20:00Z,controller 1,1.644,6.623,8.95,360.18,252.49,5.04,8.99,100.0,2,On,1207.93,924.66
1793272860000000000,2026-10-29T11:21:00Z,free response,1.701,6.59,14.26,302.55,85.0,5.01,10.36,100.0,3,On,1222.22,924.91
1793272920000000000,2026-10-29T11:22:00Z,controller 2,1.574,6.358,31.88,358.11,127.13,4.98,7.17,100.0,3,On,1248.81,908.94
1793272980000000000,2026-10-29T11:23:00Z,controller 2,1.687,6.868,164.3,126.44,183.27,4.95,10.4,100.0,2,On,1273.05,931.25
1793273040000000000,2026-10-29T11:24:00Z,controller 2,1.62,6.352,-10.41,60.77,356.53,4.92,8.36,100.0,3,On,1275.83,901.5
1793273100000000000,2026-10-29T11:25:00Z,controller 1,1.701,7.046,-22.97,396.39,33.91,4.9,9.29,100.0,3,On,1307.91,901.94
1793273160000000000,2026-10-29T11:26:00Z,free response,1.543,6.781,88.77,40.81,301.82,4.87,8.2,100.0,1,On,1279.64,886.39
1793273220000000000,2026-10-29T11:27:00Z,controller 1,1.576,7.121,137.2,361.42,77.11,4.86,8.37,100.0,2,On,1318.96,872.05
1793273280000000000,2026-10-29T11:28:00Z,controller 1,1.593,6.685,167.57,25.91,253.22,4.82,8.82,100.0,1,On,1291.05,847.15
1793273340000000000,2026-10-29T11:29:00Z,controller 2,1.554,7.029,-11.85,58.11,377.54,4.82,8.71,100.0,2,On,1278.86,839.02
1793273400000000000,2026-10-29T11:30:00Z,controller 1,1.729,13.086,150.39,53.26,64.56,4.79,21.18,100.0,2,On,1230.84,835.18
1793273460000000000,2026-10-29T11:31:00Z,controller 1,1.694,13.104,22.75,395.09,374.93,4.78,20.21,100.0,1,On,1271.68,815.41
1793273520000000000,2026-10-29T11:32:00Z,free response,1.622,12.974,198.95,128.46,344.54,4.75,18.14,100.0,2,On,1245.36,785.65
1793273580000000000,2026-10-29T11:33:00Z,controller 2,1.739,13.093,-15.86,324.93,475.19,4.72,20.58,100.0,2,On,1267.6,789.08
1793273640000000000,2026-10-29T11:34:00Z,controller 1,1.721,13.109,174.56,304.28,121.58,4.71,20.49,100.0,2,On,1314.87,798.43
1793273700000000000,2026-10-29T11:35:00Z,controller 1,1.63,12.935,114.23,410.27,597.53,4.68,17.9,100.0,1,On,1376.72,962.49
1793273760000000000,2026-10-29T11:36:00Z,free response,1.583,13.03,139.02,169.79,93.39,4.66,17.18,100.0,3,On,1399.0,986.67
1793273820000000000,2026-10-29T11:37:00Z,controller 2,1.698,13.414,179.77,264.73,359.66,4.63,21.06,100.0,1,On,1357.02,1000.0
1793273880000000000,2026-10-29T11:38:00Z,free response,1.672,13.253,168.05,225.94,133.83,4.61,17.33,100.0,1,On,813.28,805.55
1793273940000000000,2026-10-29T11:39:00Z,controller 2,1.641,13.004,119.18,277.01,164.9,4.59,16.19,100.0,2,On,801.94,787.38
1793274000000000000,2026-10-29T11:40:00Z,free response,1.664,13.547,179.99,373.7,120.3,4.56,17.68,100.0,1,On,799.18,771.69
1793274060000000000,2026-10-29T11:41:00Z,free response,1.732,13.057,140.21,66.07,41.43,4.55,21.12,100.0,1,On,783.24,771.43
1793274120000000000,2026-10-29T11:42:00Z,controller 2,1.73,13.446,171.31,148.34,273.22,4.52,21.07,100.0,3,On,802.06,764.88
1793274180000000000,2026-10-29T11:43:00Z,controller 1,1.757,12.881,-11.84,232.5,140.0,4.51,20.51,100.0,1,On,768.78,751.77
1793274240000000000,2026-10-29T11:44:00Z,controller 2,1.632,13.259,83.05,438.02,238.58,4.48,16.98,100.0,2,On,791.7,774.81
1793274300000000000,2026-10-29T11:45:00Z,free response,1.672,13.601,18.32,58.53,378.9,4.45,17.44,100.0,3,On,769.8,745.12
1793274360000000000,2026-10-29T11:46:00Z,controller 1,1.691,12.99,187.58,125.3,208.23,4.42,20.0,100.0,3,On,729.92,741.09
1793274420000000000,2026-10-29T11:47:00Z,controller 2,1.603,12.897,77.7,126.05,380.91,4.39,15.37,100.0,3,On,699.31,741.76
1793274480000000000,2026-10-29T11:48:00Z,controller 2,1.62,12.857,172.77,222.95,334.89,4.36,16.87,100.0,2,On,742.69,720.66
1793274540000000000,2026-10-29T11:49:00Z,controller 1,1.681,13.177,151.91,202.78,443.2,4.34,19.34,100.0,3,On,742.75,708.57
1793274600000000000,2026-10-29T11:50:00Z,controller 2,1.697,13.592,72.13,135.1,457.62,4.32,20.16,100.0,3,On,764.75,706.8
1793274660000000000,2026-10-29T11:51:00Z,controller 1,1.752,13.427,88.65,113.52,456.11,4.29,20.73,100.0,3,On,743.62,695.05
1793274720000000000,2026-10-29T11:52:00Z,controller 2,1.636,13.23,-28.29,141.55,250.48,4.26,19.14,100.0,1,On,790.4,711.72
1793274780000000000,2026-10-29T11:53:00Z,controller 2,1.637,13.087,96.31,411.4,121.47,4.23,17.99,100.0,3,On,834.74,687.72
1793274840000000000,2026-10-29T11:54:00Z,controller 2,1.705,13.597,3.82,206.43,367.08,4.2,18.03,100.0,2,On,785.78,713.62
1793274900000000000,2026-10-29T11:55:00Z,controller 2,1.693,12.981,-10.83,129.72,356.3,4.18,20.35,100.0,2,On,787.7,704.89
1793274960000000000,2026-10-29T11:56:00Z,controller 1,1.669,13.564,25.12,99.39,241.69,4.16,18.6,100.0,2,On,766.73,695.66
1793275020000000000,2026-10-29T11:57:00Z,controller 1,1.651,13.258,187.32,31.27,523.09,4.14,17.95,100.0,2,On,717.24,684.58
1793275080000000000,2026-10-29T11:58:00Z,controller 2,1.72,13.33,-20.18,32.15,177.03,4.11,17.82,100.0,1,On,745.42,691.77
1793275140000000000,2026-10-29T11:59:00Z,controller 2,1.61,13.45,177.98,341.25,569.43,4.08,18.77,100.0,2,On,742.61,665.67
1793275200000000000,2026-10-29T12:00:00Z,free response,0.956,14,37.5,113.75,280.73,4.07,6.21,100.0,2,On,775.58,650.29
1793275260000000000,2026-10-29T12:01:00Z,controller 2,0.902,13.327,173.57,238.57,399.97,4.04,5.93,100.0,3,On,816.77,636.63
1793275320000000000,2026-10-29T12:02:00Z,controller 2,1.01,13.478,62.66,432.67,166.18,4.01,6.32,100.0,1,On,844.49,612.1
1793275380000000000,2026-10-29T12:03:00Z,controller 1,1.038,13.791,173.81,301.74,575.52,3.98,7.45,100.0,1,On,894.41,599.82
1793275440000000000,2026-10-29T12:04:00Z,free response,0.871,13.705,26.91,317.61,287.74,3.97,5.09,100.0,2,On,924.46,580.43
1793275500000000000,2026-10-29T12:05:00Z,free response,0.889,13.855,97.61,441.68,164.56,3.96,5.16,100.0,3,On,887.54,576.63
1793275560000000000,2026-10-29T12:06:00Z,controller 1,1.011,13.973,83.47,268.42,224.5,3.94,7.32,100.0,2,Off,852.18,556.32
1793275620000000000,2026-10-29T12:07:00Z,controller 1,1.01,13.964,-12.03,358.0,584.73,3.91,7.48,100.0,3,Off,900.49,782.34
1793275680000000000,2026-10-29T12:08:00Z,controller 2,0.895,13.524,157.93,151.01,529.88,3.89,4.99,100.0,3,Off,870.03,779.4
1793275740000000000,2026-10-29T12:09:00Z,controller 2,0.968,13.965,14.3,254.84,42.21,3.86,5.95,100.0,1,Off,862.83,763.81
1793275800000000000,2026-10-29T12:10:00Z,controller 2,0.931,13.547,150.58,173.14,282.64,3.84,5.66,100.0,3,Off,896.62,769.15
1793275860000000000,2026-10-29T12:11:00Z,controller 2,0.91,13.782,171.88,28.11,417.72,3.82,6.25,100.0,1,Off,863.76,775.52
1793275920000000000,2026-10-29T12:12:00Z,controller 2,1.045,13.558,-17.02,98.46,435.66,3.81,7.75,100.0,3,Off,823.85,758.39
1793275980000000000,2026-10-29T12:13:00Z,controller 1,0.985,13.694,18.69,13.67,306.19,3.78,7.1,100.0,3,Off,798.46,777.24
1793276040000000000,2026-10-29T12:14:00Z,free response,0.914,14,146.42,348.13,513.03,3.76,5.5,100.0,2,Off,766.98,752.87
1793276100000000000,2026-10-29T12:15:00Z,controller 1,0.906,13.96,136.43,342.01,129.33,3.74,5.49,100.0,3,Off,732.98,744.84
1793276160000000000,2026-10-29T12:16:00Z,free response,1.04,13.72,18.36,167.3,216.19,3.72,8.13,100.0,2,Off,735.37,729.56
1793276220000000000,2026-10-29T12:17:00Z,controller 2,0.954,13.868,121.99,277.13,355.79,3.69,6.24,100.0,3,Off,742.71,708.98
1793276280000000000,2026-10-29T12:18:00Z,controller 1,0.958,13.696,28.09,273.94,82.24,3.68,6.21,100.0,1,Off,720.23,718.61
1793276340000000000,2026-10-29T12:19:00Z,controller 2,0.941,13.504,163.45,399.91,450.93,3.65,5.8,100.0,2,Off,715.37,688.68
1793276400000000000,2026-10-29T12:20:00Z,free response,1.041,13.78,72.73,198.68,30.11,3.63,6.73,100.0,2,Off,756.13,709.33
1793276460000000000,2026-10-29T12:21:00Z,controller 2,0.899,13.805,136.9,107.22,352.32,3.62,6.06,100.0,3,Off,748.92,712.95
1793276520000000000,2026-10-29T12:22:00Z,controller 2,1.003,14,177.19,0.43,118.21,3.59,7.64,100.0,3,Off,756.63,726.35
1793276580000000000,2026-10-29T12:23:00Z,free response,0.935,13.606,176.89,382.6,342.52,3.58,6.36,100.0,1,Off,796.95,744.61
1793276640000000000,2026-10-29T12:24:00Z,free response,0.995,14,-25.91,409.14,21.35,3.56,7.26,100.0,1,Off,782.35,762.49
1793276700000000000,2026-10-29T12:25:00Z,controller 2,1.006,14,150.29,233.09,320.7,3.52,6.94,100.0,1,Off,747.09,789.36
1793276760000000000,2026-10-29T12:26:00Z,free response,1.038,13.655,-10.59,240.16,292.39,3.51,8.05,100.0,2,Off,727.53,814.65
1793276820000000000,2026-10-29T12:27:00Z,controller 2,0.935,13.925,71.66,8.19,72.35,3.5,5.69,100.0,1,Off,695.99,840.38
1793276880000000000,2026-10-29T12:28:00Z,controller 2,1.005,13.781,48.43,59.78,215.09,3.49,7.37,100.0,2,Off,687.62,822.09
1793276940000000000,2026-10-29T12:29:00Z,controller 1,0.889,13.828,69.95,323.56,444.31,3.47,5.36,100.0,3,Off,728.8,819.7
1793277000000000000,2026-10-29T12:30:00Z,controller 2,2.59,12.248,68.16,303.35,145.65,3.46,42.06,100.0,2,Off,698.57,825.78
1793277060000000000,2026-10-29T12:31:00Z,controller 2,2.506,12.079,69.49,354.67,386.24,3.43,41.58,100.0,2,Off,664.29,845.59
1793277120000000000,2026-10-29T12:32:00Z,free response,2.54,11.689,124.06,22.32,352.4,3.42,39.68,100.0,3,Off,705.22,839.61
1793277180000000000,2026-10-29T12:33:00Z,controller 2,2.556,12.139,158.54,232.03,297.92,3.41,40.64,100.0,1,Off,659.63,846.36
1793277240000000000,2026-10-29T12:34:00Z,controller 1,2.592,12.137,180.29,364.38,422.72,3.38,40.76,100.0,3,Off,701.24,863.73
1793277300000000000,2026-10-29T12:35:00Z,free response,2.525,11.636,180.39,362.44,64.97,3.37,36.31,100.0,1,Off,716.85,877.76
1793277360000000000,2026-10-29T12:36:00Z,controller 2,2.511,12.317,-16.94,223.16,14.57,3.34,42.22,34.51,1,Off,713.57,900.0
1793277420000000000,2026-10-29T12:37:00Z,free response,2.651,11.586,135.55,403.54,580.61,3.32,44.19,100.0,3,Off,756.92,908.39
1793277480000000000,2026-10-29T12:38:00Z,controller 1,2.594,12.002,25.46,159.76,483.23,3.29,37.16,100.0,3,Off,763.0,929.03
1793277540000000000,2026-10-29T12:39:00Z,controller 2,2.535,12.17,136.08,327.58,456.63,3.28,38.01,100.0,3,Off,773.15,939.5
1793277600000000000,2026-10-29T12:40:00Z,free response,2.584,12.202,186.57,101.85,115.97,3.25,44.27,100.0,1,Off,777.86,921.52
1793277660000000000,2026-10-29T12:41:00Z,controller 2,2.599,12.336,143.34,50.31,334.64,3.24,39.76,100.0,2,Off,770.64,920.47
1793277720000000000,2026-10-29T12:42:00Z,controller 1,2.666,11.654,139.45,253.25,247.57,3.2,45.02,100.0,2,Off,769.12,941.45
1793277780000000000,2026-10-29T12:43:00Z,controller 2,2.555,12.217,128.76,285.92,143.75,3.17,37.79,100.0,2,Off,812.12,946.53
1793277840000000000,2026-10-29T12:44:00Z,free response,2.561,11.934,197.78,37.14,113.67,3.16,39.75,100.0,3,Off,853.63,971.31
1793277900000000000,2026-10-29T12:45:00Z,free response,2.624,11.708,35.53,2.06,400.07,3.14,37.83,100.0,1,Off,812.69,984.35
1793277960000000000,2026-10-29T12:46:00Z,controller 1,2.598,11.928,164.36,404.74,185.72,3.13,36.47,100.0,2,Off,778.42,988.04
1793278020000000000,2026-10-29T12:47:00Z,free response,2.544,11.594,49.08,78.83,409.29,3.12,37.75,100.0,1,Off,807.02,1000.0
1793278080000000000,2026-10-29T12:48:00Z,controller 1,2.591,11.653,191.23,48.05,175.38,3.09,36.77,100.0,1,Off,777.1,1000.0
1793278140000000000,2026-10-29T12:49:00Z,controller 2,2.59,11.744,20.36,302.96,421.77,3.06,40.55,100.0,1,Off,784.98,1000.0
1793278200000000000,2026-10-29T12:50:00Z,controller 2,2.627,12.257,41.89,437.56,237.99,3.05,42.68,100.0,3,Off,823.7,973.87
1793278260000000000,2026-10-29T12:51:00Z,controller 1,2.645,11.615,-13.33,292.11,296.65,3.04,39.1,100.0,1,Off,775.9,986.1
1793278320000000000,2026-10-29T12:52:00Z,free response,2.607,12.139,175.46,152.82,230.87,3.02,38.4,100.0,2,Off,745.13,1000.0
1793278380000000000,2026-10-29T12:53:00Z,controller 1,2.552,12.208,164.73,266.72,9.5,3.02,38.55,24.64,3,Off,705.7,975.5
1793278440000000000,2026-10-29T12:54:00Z,controller 2,2.661,11.774,65.44,265.08,433.38,2.99,42.05,100.0,2,Off,660.49,983.62
1793278500000000000,2026-10-29T12:55:00Z,controller 1,2.574,11.759,57.57,95.38,233.55,2.98,38.36,100.0,1,Off,697.94,962.84
1793278560000000000,2026-10-29T12:56:00Z,free response,2.605,11.9,103.43,234.27,439.68,2.96,44.29,100.0,2,Off,675.97,965.77
1793278620000000000,2026-10-29T12:57:00Z,controller 2,2.582,12.043,-18.78,368.6,373.43,2.94,37.71,100.0,3,Off,650.05,941.97
1793278680000000000,2026-10-29T12:58:00Z,free response,2.662,11.921,129.24,203.74,228.68,2.93,43.0,100.0,3,Off,621.6,966.71
1793278740000000000,2026-10-29T12:59:00Z,controller 2,2.509,12.326,182.68,215.75,363.96,2.9,41.14,100.0,2,Off,669.04,938.3
1793278800000000000,2026-10-29T13:00:00Z,controller 1,1.292,6.937,57.74,92.69,17.76,2.88,5.51,100.0,1,Off,669.68,940.02
1793278860000000000,2026-10-29T13:01:00Z,free response,1.228,7.03,80.56,236.38,249.12,2.85,4.93,100.0,1,Off,688.45,913.54
1793278920000000000,2026-10-29T13:02:00Z,free response,1.211,6.437,17.8,96.72,2.55,2.84,4.61,55.31,2,Off,650.45,920.86
1793278980000000000,2026-10-29T13:03:00Z,free response,1.337,6.597,94.68,143.45,274.46,2.83,5.44,100.0,3,Off,634.09,931.75
1793279040000000000,2026-10-29T13:04:00Z,controller 1,1.359,6.876,-5.99,40.26,319.33,2.82,6.22,100.0,3,Off,673.61,946.74
1793279100000000000,2026-10-29T13:05:00Z,free response,1.313,6.573,14.52,56.01,398.06,2.79,6.2,100.0,3,Off,716.0,936.2
1793279160000000000,2026-10-29T13:06:00Z,free response,1.256,6.729,150.95,129.37,168.18,2.78,5.42,100.0,3,Off,761.26,961.47
1793279220000000000,2026-10-29T13:07:00Z,controller 2,1.313,7.113,93.03,248.0,262.01,2.78,5.93,100.0,3,Off,792.21,985.9
1793279280000000000,2026-10-29T13:08:00Z,free response,1.337,7.13,37.91,442.81,138.42,2.74,6.62,100.0,2,Off,828.71,995.34
1793279340000000000,2026-10-29T13:09:00Z,controller 1,1.197,6.789,-19.64,356.31,247.28,2.72,4.94,100.0,2,On,821.12,993.04
1793279400000000000,2026-10-29T13:10:00Z,controller 2,1.312,6.696,94.38,339.6,245.59,2.69,5.54,100.0,3,On,818.1,989.96
1793279460000000000,2026-10-29T13:11:00Z,controller 2,1.236,6.968,52.72,348.17,258.61,2.68,5.37,100.0,2,On,798.45,974.45
1793279520000000000,2026-10-29T13:12:00Z,controller 1,1.297,6.586,197.57,130.33,57.22,2.66,5.19,100.0,3,On,803.81,986.22
1793279580000000000,2026-10-29T13:13:00Z,controller 1,1.33,6.868,137.24,321.67,112.68,2.65,5.72,100.0,1,On,823.12,994.4
1793279640000000000,2026-10-29T13:14:00Z,controller 1,1.286,6.693,185.11,147.57,18.75,2.63,5.49,100.0,1,On,1448.62,980.23
1793279700000000000,2026-10-29T13:15:00Z,controller 2,1.322,6.508,187.77,70.66,152.98,2.6,5.57,100.0,3,On,1458.03,960.52
1793279760000000000,2026-10-29T13:16:00Z,free response,1.334,6.569,-1.21,244.21,479.66,2.58,5.3,100.0,2,On,1500.0,938.22
1793279820000000000,2026-10-29T13:17:00Z,controller 1,1.365,6.982,35.97,394.22,142.28,2.57,6.16,100.0,2,On,1500.0,940.41
1793279880000000000,2026-10-29T13:18:00Z,free response,1.27,6.998,199.02,408.83,422.64,2.54,5.12,100.0,1,On,1500.0,947.86
1793279940000000000,2026-10-29T13:19:00Z,free response,1.301,6.482,193.85,82.39,269.45,2.52,5.12,100.0,3,On,1498.94,935.99
1793280000000000000,2026-10-29T13:20:00Z,free response,1.24,6.657,27.09,69.51,277.56,2.5,5.04,100.0,1,On,1484.45,938.95
1793280060000000000,2026-10-29T13:21:00Z,free response,1.285,6.412,2.28,89.31,315.91,2.49,5.0,100.0,3,On,1452.67,949.4
1793280120000000000,2026-10-29T13:22:00Z,free response,1.33,6.749,199.75,87.38,580.74,2.47,5.89,100.0,2,On,1490.67,943.66
1793280180000000000,2026-10-29T13:23:00Z,controller 2,1.351,6.657,64.08,30.89,217.56,2.46,5.49,100.0,2,On,1500.0,958.61
1793280240000000000,2026-10-29T13:24:00Z,controller 2,1.283,6.597,54.53,7.89,504.01,2.43,5.7,100.0,1,On,1500.0,933.43
1793280300000000000,2026-10-29T13:25:00Z,free response,1.216,6.402,186.14,325.01,18.84,2.41,4.76,100.0,3,On,1500.0,959.39
1793280360000000000,2026-10-29T13:26:00Z,controller 2,1.234,6.996,120.58,17.57,243.38,2.41,5.04,100.0,1,On,1486.07,978.12
1793280420000000000,2026-10-29T13:27:00Z,controller 2,1.355,6.544,127.59,310.99,360.6,2.39,6.11,100.0,2,On,1474.53,973.27
1793280480000000000,2026-10-29T13:28:00Z,controller 2,1.241,7.164,-7.94,71.77,222.63,2.38,4.97,100.0,3,On,1443.0,979.4
1793280540000000000,2026-10-29T13:29:00Z,controller 2,1.254,6.814,-28.55,74.21,563.95,2.34,5.82,100.0,3,On,1466.84,1000.0
1793280600000000000,2026-10-29T13:30:00Z,free response,0.591,10.723,37.13,298.97,405.85,2.32,1.71,100.0,2,On,1450.62,975.31
1793280660000000000,2026-10-29T13:31:00Z,controller 2,0.545,10.439,46.61,73.32,235.56,2.3,1.55,100.0,2,On,1443.83,949.72
1793280720000000000,2026-10-29T13:32:00Z,controller 2,0.535,10.463,19.32,272.64,10.59,2.29,1.63,100.0,1,On,1402.19,932.91
1793280780000000000,2026-10-29T13:33:00Z,controller 1,0.484,10.232,55.7,181.07,351.61,2.28,1.16,100.0,2,On,1356.62,934.92
1793280840000000000,2026-10-29T13:34:00Z,controller 1,0.597,10.638,144.25,437.89,568.39,2.25,1.81,100.0,1,On,1311.16,928.84
1793280900000000000,2026-10-29T13:35:00Z,controller 2,0.467,10.058,-23.07,359.42,102.16,2.22,1.08,100.0,1,On,1296.82,925.19
1793280960000000000,2026-10-29T13:36:00Z,free response,0.454,10.731,-22.77,288.28,514.2,2.21,1.07,100.0,1,On,1304.16,926.83
1793281020000000000,2026-10-29T13:37:00Z,free response,0.494,10.596,12.32,315.58,299.22,2.2,1.22,100.0,3,On,1303.0,914.26
1793281080000000000,2026-10-29T13:38:00Z,controller 2,0.459,10.625,147.13,11.84,212.92,2.17,1.11,100.0,2,On,1329.12,942.99
1793281140000000000,2026-10-29T13:39:00Z,controller 1,0.628,10.355,133.38,154.97,69.28,2.14,1.91,100.0,1,On,1326.0,969.5
1793281200000000000,2026-10-29T13:40:00Z,controller 2,0.494,10.578,5.4,404.96,85.21,2.12,1.42,100.0,1,On,1356.68,962.53
1793281260000000000,2026-10-29T13:41:00Z,controller 2,0.47,10.723,77.54,313.03,374.14,2.09,1.21,100.0,1,On,1308.58,943.31
1793281320000000000,2026-10-29T13:42:00Z,controller 2,0.606,10.251,70.37,134.28,454.08,2.08,1.74,100.0,3,On,1290.37,943.94
1793281380000000000,2026-10-29T13:43:00Z,controller 1,0.579,10.726,-3.18,128.13,510.27,2.08,1.96,100.0,1,On,1280.96,943.94
1793281440000000000,2026-10-29T13:44:00Z,controller 1,0.478,10.661,47.55,33.92,80.4,2.04,1.16,100.0,2,On,1247.39,956.66
1793281500000000000,2026-10-29T13:45:00Z,free response,0.473,10.393,110.49,64.21,331.71,2.04,1.07,100.0,2,On,1240.85,971.1
1793281560000000000,2026-10-29T13:46:00Z,controller 1,0.464,10.408,-26.65,220.54,356.53,2.0,1.21,100.0,2,On,1223.17,952.49
1793281620000000000,2026-10-29T13:47:00Z,controller 2,0.473,10.484,118.36,87.56,572.02,1.98,1.2,100.0,2,On,1187.99,980.97
1793281680000000000,2026-10-29T13:48:00Z,controller 1,0.581,10.372,-27.13,369.39,301.02,1.96,1.79,100.0,3,On,1222.31,988.24
1793281740000000000,2026-10-29T13:49:00Z,free response,0.464,10.496,177.97,330.23,303.04,1.94,1.14,100.0,3,On,1202.43,970.14
1793281800000000000,2026-10-29T13:50:00Z,controller 1,0.522,10.747,87.83,246.48,475.16,1.92,1.38,100.0,2,On,1160.59,970.49
1793281860000000000,2026-10-29T13:51:00Z,controller 2,0.586,10.062,45.16,406.25,220.86,1.89,1.88,100.0,2,On,1134.98,982.2
1793281920000000000,2026-10-29T13:52:00Z,controller 1,0.482,10.507,-10.61,359.3,317.54,1.86,1.11,100.0,3,On,1157.82,1000.0
1793281980000000000,2026-10-29T13:53:00Z,controller 2,0.464,10.571,160.37,235.39,573.32,1.83,1.13,100.0,1,On,1189.68,1000.0
1793282040000000000,2026-10-29T13:54:00Z,controller 2,0.467,10.171,156.2,191.15,437.39,1.8,1.17,100.0,2,On,1231.37,995.13
1793282100000000000,2026-10-29T13:55:00Z,controller 1,0.591,10.333,40.89,448.42,333.12,1.79,1.67,100.0,3,On,1230.21,977.78
1793282160000000000,2026-10-29T13:56:00Z,controller 1,0.468,10.67,40.55,200.1,599.67,1.77,1.11,100.0,3,On,1198.59,1000.0
1793282220000000000,2026-10-29T13:57:00Z,controller 2,0.488,10.318,65.72,36.25,238.25,1.74,1.11,100.0,1,On,1150.55,973.2
1793282280000000000,2026-10-29T13:58:00Z,free response,0.582,10.531,1.98,97.73,165.8,1.71,1.84,100.0,3,On,1141.1,979.27
1793282340000000000,2026-10-29T13:59:00Z,controller 2,0.552,10.167,149.98,116.38,350.87,1.7,1.43,100.0,2,On,1115.39,996.16
1793282400000000000,2026-10-29T14:00:00Z,controller 2,0.963,5.817,190.16,282.97,145.48,1.69,2.88,100.0,2,On,1078.29,1000.0
1793282460000000000,2026-10-29T14:01:00Z,controller 1,0.94,5.959,65.42,371.29,405.95,1.66,2.63,100.0,1,On,1082.2,990.78
1793282520000000000,2026-10-29T14:02:00Z,controller 2,0.999,5.829,91.72,236.07,513.81,1.64,2.77,100.0,2,On,1033.11,995.78
1793282580000000000,2026-10-29T14:03:00Z,controller 2,1.053,5.794,190.41,441.34,586.01,1.63,3.18,100.0,1,On,1038.19,968.53
1793282640000000000,2026-10-29T14:04:00Z,free response,0.98,6.492,135.38,238.4,494.64,1.6,3.16,100.0,3,On,1029.09,940.91
1793282700000000000,2026-10-29T14:05:00Z,free response,1.042,6.266,142.97,311.6,592.67,1.58,3.22,100.0,3,On,1039.17,929.26
1793282760000000000,2026-10-29T14:06:00Z,controller 1,1.056,6.522,96.24,416.54,366.42,1.56,3.31,100.0,3,On,1033.69,952.68
1793282820000000000,2026-10-29T14:07:00Z,free response,1.089,5.925,-23.13,249.04,477.64,1.54,3.68,100.0,1,On,1062.59,968.11
1793282880000000000,2026-10-29T14:08:00Z,free response,1.057,6.093,33.29,18.97,53.67,1.52,3.58,100.0,3,On,1046.25,982.93
1793282940000000000,2026-10-29T14:09:00Z,controller 2,0.944,6.2,156.66,306.82,219.83,1.5,2.83,100.0,3,On,1000.54,954.56
1793283000000000000,2026-10-29T14:10:00Z,controller 2,1.008,6.195,112.52,80.24,522.42,1.46,3.3,100.0,2,On,989.39,973.15
1793283060000000000,2026-10-29T14:11:00Z,controller 2,0.983,5.934,53.44,135.45,305.7,1.43,2.85,100.0,3,On,949.68,996.05
1793283120000000000,2026-10-29T14:12:00Z,controller 2,0.967,6.036,71.59,274.81,538.56,1.41,2.58,100.0,1,On,966.78,1000.0
1793283180000000000,2026-10-29T14:13:00Z,free response,1.096,6.11,184.04,53.5,141.44,1.4,3.7,100.0,2,On,952.8,1000.0
1793283240000000000,2026-10-29T14:14:00Z,controller 2,1.113,5.958,8.71,263.29,363.38,1.39,3.58,100.0,3,On,916.07,983.5
1793283300000000000,2026-10-29T14:15:00Z,controller 1,0.937,5.976,154.84,430.37,333.59,1.36,2.41,100.0,2,On,946.47,985.88
1793283360000000000,2026-10-29T14:16:00Z,controller 1,1.113,6.463,141.02,13.03,574.37,1.36,4.22,100.0,1,On,926.86,1000.0
1793283420000000000,2026-10-29T14:17:00Z,free response,0.938,6.457,25.12,218.45,322.69,1.33,2.82,100.0,3,On,888.82,1000.0
1793283480000000000,2026-10-29T14:18:00Z,free response,1.01,6.261,-21.09,152.85,51.53,1.32,3.29,100.0,3,On,883.73,1000.0
1793283540000000000,2026-10-29T14:19:00Z,controller 1,0.983,6.087,38.24,211.49,350.96,1.29,3.22,100.0,1,On,856.44,988.85
1793283600000000000,2026-10-29T14:20:00Z,controller 1,0.959,5.882,132.89,250.3,564.78,1.27,2.47,100.0,3,On,844.28,1000.0
1793283660000000000,2026-10-29T14:21:00Z,free response,0.994,6.516,183.77,342.44,538.82,1.24,3.13,100.0,1,On,840.81,1000.0
1793283720000000000,2026-10-29T14:22:00Z,controller 2,0.986,5.839,115.23,370.23,67.28,1.23,2.89,100.0,3,On,869.52,995.92
1793283780000000000,2026-10-29T14:23:00Z,controller 2,1.107,6.404,23.47,66.49,238.92,1.21,4.07,100.0,1,On,885.41,967.37
1793283840000000000,2026-10-29T14:24:00Z,free response,1.032,5.962,114.22,87.07,184.92,1.2,3.35,100.0,1,On,902.75,959.13
1793283900000000000,2026-10-29T14:25:00Z,controller 2,1.041,6.081,76.76,74.42,50.9,1.19,3.02,100.0,2,On,948.86,948.4
1793283960000000000,2026-10-29T14:26:00Z,controller 2,1.098,6.322,127.98,311.6,295.59,1.16,3.47,100.0,3,On,997.11,918.94
1793284020000000000,2026-10-29T14:27:00Z,controller 1,1.058,5.957,118.63,384.92,16.63,1.12,3.57,100.0,3,On,984.19,917.05
1793284080000000000,2026-10-29T14:28:00Z,controller 1,1.072,6.13,168.37,61.65,181.15,1.1,3.72,100.0,3,On,947.71,915.65
1793284140000000000,2026-10-29T14:29:00Z,free response,1.019,5.852,-26.15,290.3,363.24,1.09,2.8,100.0,3,On,933.85,934.8
1793284200000000000,2026-10-29T14:30:00Z,controller 2,0.7,12.931,147.11,180.79,122.14,1.07,2.89,100.0,1,On,937.45,925.4
1793284260000000000,2026-10-29T14:31:00Z,controller 2,0.702,13.455,59.82,371.16,263.05,1.05,3.19,100.0,2,On,980.19,947.94
1793284320000000000,2026-10-29T14:32:00Z,controller 1,0.842,13.375,190.54,446.64,247.77,1.02,4.69,100.0,2,On,993.97,925.48
1793284380000000000,2026-10-29T14:33:00Z,controller 2,0.682,13.144,12.58,388.92,190.64,0.99,2.84,100.0,1,On,622.99,629.25
1793284440000000000,2026-10-29T14:34:00Z,free response,0.674,13.484,179.58,421.48,72.7,0.97,3.02,100.0,1,On,628.48,646.32
1793284500000000000,2026-10-29T14:35:00Z,free response,0.718,12.918,25.3,111.21,257.65,0.95,3.52,100.0,3,On,676.0,662.63
1793284560000000000,2026-10-29T14:36:00Z,controller 2,0.754,13.269,113.49,286.98,565.43,0.92,3.68,100.0,3,On,701.17,654.87
1793284620000000000,2026-10-29T14:37:00Z,controller 2,0.795,12.939,35.15,297.71,443.55,0.89,4.08,100.0,2,On,676.72,639.17
1793284680000000000,2026-10-29T14:38:00Z,free response,0.731,13.322,30.25,145.79,362.03,0.86,3.54,100.0,2,On,694.22,632.1
1793284740000000000,2026-10-29T14:39:00Z,controller 1,0.756,13.283,13.77,242.68,327.31,0.84,3.47,100.0,1,On,676.85,617.52
1793284800000000000,2026-10-29T14:40:00Z,controller 2,0.776,13.274,60.46,351.77,571.47,0.82,4.18,100.0,3,On,641.78,639.96
1793284860000000000,2026-10-29T14:41:00Z,controller 1,0.806,13.087,98.71,117.55,589.7,0.8,4.32,100.0,3,On,665.23,613.41
1793284920000000000,2026-10-29T14:42:00Z,free response,0.76,13.547,149.64,438.99,87.25,0.77,3.86,100.0,1,On,683.61,599.69
1793284980000000000,2026-10-29T14:43:00Z,free response,0.713,13.311,156.22,420.3,82.84,0.75,3.12,100.0,3,On,656.86,617.38
1793285040000000000,2026-10-29T14:44:00Z,controller 2,0.771,13.339,-28.78,7.63,347.79,0.71,4.28,100.0,3,Off,634.37,607.67
1793285100000000000,2026-10-29T14:45:00Z,free response,0.667,13.239,140.59,105.86,351.04,0.7,2.95,100.0,2,Off,601.52,589.7
1793285160000000000,2026-10-29T14:46:00Z,controller 1,0.725,12.972,134.66,104.64,388.73,0.68,3.43,100.0,2,Off,562.21,574.81
1793285220000000000,2026-10-29T14:47:00Z,controller 2,0.699,12.836,4.4,78.82,499.07,0.67,2.86,100.0,2,Off,543.55,555.15
1793285280000000000,2026-10-29T14:48:00Z,controller 1,0.713,13.079,162.95,156.09,467.17,0.66,3.16,100.0,3,Off,526.51,582.53
1793285340000000000,2026-10-29T14:49:00Z,controller 1,0.831,13.516,-15.39,398.31,209.91,0.65,4.72,100.0,3,Off,515.39,574.44
1793285400000000000,2026-10-29T14:50:00Z,controller 1,0.724,13.514,137.8,158.83,6.06,0.64,3.22,100.0,2,Off,544.61,559.82
1793285460000000000,2026-10-29T14:51:00Z,controller 1,0.726,13.537,109.54,432.7,547.56,0.61,3.9,100.0,3,Off,506.85,531.48
1793285520000000000,2026-10-29T14:52:00Z,controller 2,0.827,13.333,79.98,377.3,432.37,0.59,4.31,100.0,2,Off,550.47,534.27
1793285580000000000,2026-10-29T14:53:00Z,controller 1,0.705,12.78,-21.09,356.67,260.56,0.56,2.95,100.0,3,Off,503.33,542.24
1793285640000000000,2026-10-29T14:54:00Z,controller 1,0.788,12.888,-19.02,372.68,330.82,0.54,4.08,100.0,3,Off,463.19,545.58
1793285700000000000,2026-10-29T14:55:00Z,free response,0.706,12.896,62.06,379.24,530.25,0.51,2.99,100.0,1,Off,489.4,528.45
1793285760000000000,2026-10-29T14:56:00Z,controller 2,0.709,13.292,48.72,27.94,254.03,0.49,3.45,100.0,2,Off,479.6,555.54
1793285820000000000,2026-10-29T14:57:00Z,free response,0.684,13.008,146.74,161.75,416.22,0.47,3.2,100.0,3,Off,443.34,554.52
1793285880000000000,2026-10-29T14:58:00Z,controller 2,0.749,13.273,156.07,160.4,392.07,0.46,3.86,100.0,3,Off,473.92,534.81
1793285940000000000,2026-10-29T14:59:00Z,controller 2,0.769,12.848,27.05,389.73,507.72,0.43,3.76,100.0,2,Off,468.11,563.37
1793286000000000000,2026-10-29T15:00:00Z,controller 2,0.734,8.491,-7.42,35.19,47.11,0.42,2.22,100.0,2,Off,472.44,557.86
1793286060000000000,2026-10-29T15:01:00Z,controller 2,0.758,8.73,125.41,47.36,244.3,0.39,2.35,100.0,3,Off,452.2,537.22
1793286120000000000,2026-10-29T15:02:00Z,free response,0.859,9.117,188.55,33.1,265.23,0.37,3.22,100.0,3,Off,501.59,535.08
1793286180000000000,2026-10-29T15:03:00Z,controller 1,0.74,9.164,117.32,417.93,591.81,0.35,2.48,100.0,3,Off,531.99,513.74
1793286240000000000,2026-10-29T15:04:00Z,controller 1,0.774,8.678,155.39,341.68,305.47,0.32,2.58,100.0,3,Off,1463.85,743.21
1793286300000000000,2026-10-29T15:05:00Z,controller 2,0.787,8.777,132.66,244.05,155.12,0.29,2.9,100.0,1,Off,1440.23,768.11
1793286360000000000,2026-10-29T15:06:00Z,controller 2,0.87,8.994,141.53,237.79,455.79,0.26,3.26,100.0,2,Off,1437.62,784.43
1793286420000000000,2026-10-29T15:07:00Z,controller 1,0.78,8.568,148.17,194.42,30.09,0.25,2.75,100.0,3,Off,1454.13,796.73
1793286480000000000,2026-10-29T15:08:00Z,controller 1,0.762,8.944,28.89,422.1,42.5,0.24,2.64,100.0,1,Off,1469.96,795.05
1793286540000000000,2026-10-29T15:09:00Z,controller 1,0.723,9.177,-7.1,418.75,569.87,0.21,2.63,100.0,2,Off,1470.0,806.61
1793286600000000000,2026-10-29T15:10:00Z,free response,0.796,8.615,-10.23,38.04,89.12,0.19,2.5,100.0,3,Off,1438.49,782.79
1793286660000000000,2026-10-29T15:11:00Z,free response,0.876,8.511,120.14,281.48,113.01,0.16,3.13,100.0,3,Off,1090.54,324.56
1793286720000000000,2026-10-29T15:12:00Z,free response,0.82,8.999,79.24,396.49,257.88,0.14,2.73,100.0,3,Off,1059.01,315.89
1793286780000000000,2026-10-29T15:13:00Z,free response,0.886,8.874,140.09,431.13,95.78,0.12,3.78,100.0,3,Off,1078.49,341.22
1793286840000000000,2026-10-29T15:14:00Z,free response,0.785,8.799,4.15,156.51,16.63,0.12,2.52,100.0,1,Off,1084.11,315.06
1793286900000000000,2026-10-29T15:15:00Z,free response,0.791,8.75,176.87,345.67,307.92,0.11,2.59,100.0,1,Off,1072.87,315.07
1793286960000000000,2026-10-29T15:16:00Z,controller 1,0.876,9.066,115.65,43.86,213.03,0.08,3.38,100.0,3,Off,1062.05,329.54
1793287020000000000,2026-10-29T15:17:00Z,controller 1,0.804,8.501,-4.91,316.07,272.19,0.07,2.78,100.0,3,Off,1038.76,311.33
1793287080000000000,2026-10-29T15:18:00Z,controller 1,0.81,9.177,180.87,80.33,93.53,0.04,2.98,100.0,2,Off,995.05,332.98
1793287140000000000,2026-10-29T15:19:00Z,controller 2,0.862,8.806,148.53,164.99,475.82,0.01,3.02,100.0,1,Off,1393.72,509.92
1793287200000000000,2026-10-29T15:20:00Z,controller 2,0.872,8.965,85.09,6.68,267.4,0.0,3.18,100.0,1,Off,1379.49,523.18
1793287260000000000,2026-10-29T15:21:00Z,controller 1,0.9,8.524,48.97,67.64,482.87,0.0,3.46,100.0,1,Off,1357.03,526.81
1793287320000000000,2026-10-29T15:22:00Z,controller 2,0.842,9.211,44.16,333.92,32.78,0.0,3.31,100.0,2,Off,1375.03,541.47
1793287380000000000,2026-10-29T15:23:00Z,free response,0.781,8.778,-24.05,137.68,188.08,0.0,2.94,100.0,3,Off,1379.11,556.92
1793287440000000000,2026-10-29T15:24:00Z,controller 2,0.739,8.805,195.6,357.98,401.32,0.0,2.63,100.0,3,Off,1368.65,554.58
1793287500000000000,2026-10-29T15:25:00Z,controller 2,0.83,8.497,153.0,355.09,213.73,0.0,2.96,100.0,2,Off,1329.22,571.82
1793287560000000000,2026-10-29T15:26:00Z,controller 1,0.892,9.108,177.96,169.09,229.1,0.0,3.47,100.0,3,Off,1285.52,567.57
1793287620000000000,2026-10-29T15:27:00Z,controller 1,0.9,8.638,175.22,74.52,530.66,0.0,3.33,100.0,2,Off,1269.61,577.75
1793287680000000000,2026-10-29T15:28:00Z,free response,0.888,8.454,90.06,443.0,393.75,0.0,3.53,100.0,3,Off,1226.8,564.32
1793287740000000000,2026-10-29T15:29:00Z,controller 1,0.746,9.088,124.4,16.41,266.94,0.0,2.44,100.0,1,Off,1268.04,541.28
1793287800000000000,2026-10-29T15:30:00Z,controller 1,2.722,12.361,-24.83,22.4,185.72,0.0,42.63,100.0,1,Off,1247.37,538.72
1793287860000000000,2026-10-29T15:31:00Z,controller 2,2.657,12.442,172.08,373.32,389.28,0.0,44.23,100.0,2,Off,1197.98,522.72
1793287920000000000,2026-10-29T15:32:00Z,controller 1,2.608,12.897,153.49,46.04,68.74,0.0,40.09,100.0,3,Off,1168.15,518.06
1793287980000000000,2026-10-29T15:33:00Z,free response,2.708,12.571,160.14,394.18,127.86,0.0,46.89,100.0,1,Off,1137.52,533.79
1793288040000000000,2026-10-29T15:34:00Z,controller 1,2.604,12.722,45.05,346.99,534.62,0.0,40.74,100.0,2,Off,1489.53,788.12
1793288100000000000,2026-10-29T15:35:00Z,free response,2.616,12.35,38.04,386.94,72.33,0.0,41.87,100.0,1,Off,1500.0,787.14
1793288160000000000,2026-10-29T15:36:00Z,controller 2,2.736,12.26,-6.11,138.97,320.66,0.0,49.79,100.0,3,Off,1500.0,780.59
1793288220000000000,2026-10-29T15:37:00Z,free response,2.672,12.816,29.42,209.0,505.26,0.0,48.97,100.0,2,Off,1500.0,793.24
1793288280000000000,2026-10-29T15:38:00Z,free response,2.64,12.957,131.3,168.13,408.8,0.0,41.93,100.0,2,Off,1500.0,805.97
1793288340000000000,2026-10-29T15:39:00Z,controller 2,2.688,12.793,154.85,304.43,245.23,0.0,47.73,100.0,1,Off,1499.43,802.84
1793288400000000000,2026-10-29T15:40:00Z,controller 1,2.625,12.283,167.96,441.26,433.67,0.0,39.76,100.0,1,Off,1500.0,780.64
1793288460000000000,2026-10-29T15:41:00Z,free response,2.606,12.713,-11.1,241.86,582.92,0.0,42.88,100.0,2,Off,1494.97,753.02
1793288520000000000,2026-10-29T15:42:00Z,controller 2,2.706,12.738,144.66,421.4,237.94,0.0,49.59,100.0,1,Off,1500.0,747.41
1793288580000000000,2026-10-29T15:43:00Z,controller 2,2.745,12.349,171.44,416.29,56.98,0.0,43.93,100.0,2,Off,1500.0,724.2
1793288640000000000,2026-10-29T15:44:00Z,free response,2.596,12.527,-26.85,24.54,75.04,0.0,42.41,100.0,3,Off,1485.28,737.97
1793288700000000000,2026-10-29T15:45:00Z,free response,2.603,12.619,26.94,275.63,503.77,0.0,42.67,100.0,2,Off,1492.84,751.36
1793288760000000000,2026-10-29T15:46:00Z,free response,2.594,12.872,173.68,175.18,349.12,0.0,42.04,100.0,2,Off,1500.0,733.21
1793288820000000000,2026-10-29T15:47:00Z,controller 2,2.659,12.59,39.44,122.91,426.58,0.0,42.65,100.0,2,Off,1474.43,749.01
1793288880000000000,2026-10-29T15:48:00Z,controller 2,2.675,12.332,3.94,196.67,389.98,0.0,41.76,100.0,3,Off,1006.05,306.99
1793288940000000000,2026-10-29T15:49:00Z,controller 2,2.593,12.428,31.41,400.86,278.53,0.0,41.3,100.0,2,Off,1023.21,335.14
1793289000000000000,2026-10-29T15:50:00Z,controller 1,2.729,12.834,158.77,164.42,479.47,0.0,48.49,100.0,3,Off,1022.0,331.11
1793289060000000000,2026-10-29T15:51:00Z,controller 1,2.618,12.261,155.37,445.23,196.48,0.0,41.71,100.0,3,Off,1036.53,329.21
1793289120000000000,2026-10-29T15:52:00Z,controller 2,2.682,12.752,126.81,258.85,48.96,0.0,47.06,100.0,2,Off,999.46,309.29
1793289180000000000,2026-10-29T15:53:00Z,free response,2.685,12.445,25.63,361.93,492.63,0.0,43.55,100.0,1,Off,1007.69,299.23
1793289240000000000,2026-10-29T15:54:00Z,free response,2.606,12.441,90.52,383.85,178.48,0.0,45.67,100.0,2,Off,958.46,287.6
1793289300000000000,2026-10-29T15:55:00Z,controller 2,2.658,12.885,190.98,366.5,256.4,0.0,48.44,100.0,1,Off,1005.85,260.35
1793289360000000000,2026-10-29T15:56:00Z,controller 1,2.606,12.232,179.87,130.27,305.35,0.0,43.38,100.0,1,Off,987.45,276.06
1793289420000000000,2026-10-29T15:57:00Z,controller 2,2.601,12.206,152.73,131.74,169.36,0.0,40.22,100.0,3,Off,1000.74,269.96
1793289480000000000,2026-10-29T15:58:00Z,controller 1,2.694,12.812,52.94,120.82,19.22,0.0,46.35,41.47,1,Off,1014.46,294.76
1793289540000000000,2026-10-29T15:59:00Z,free response,2.711,12.913,29.69,191.16,538.11,0.0,46.7,100.0,3,Off,1046.97,293.32
1793289600000000000,2026-10-29T16:00:00Z,free response,0.975,1.392,-8.1,226.97,367.78,0.0,0.67,100.0,1,Off,1047.98,277.93
1793289660000000000,2026-10-29T16:01:00Z,free response,0.954,1.503,60.93,279.63,176.67,0.0,0.74,100.0,1,Off,999.78,304.98
1793289720000000000,2026-10-29T16:02:00Z,free response,1.029,1.801,175.59,393.41,297.16,0.0,0.92,100.0,2,Off,974.27,318.58
1793289780000000000,2026-10-29T16:03:00Z,free response,1.047,1.537,54.86,289.79,266.64,0.0,0.86,100.0,2,Off,1022.84,333.84
1793289840000000000,2026-10-29T16:04:00Z,controller 1,0.951,1.492,183.58,139.92,529.77,0.0,0.62,100.0,1,Off,997.76,304.75
1793289900000000000,2026-10-29T16:05:00Z,controller 2,0.952,1.901,62.22,3.4,309.77,0.0,0.79,100.0,3,Off,1012.18,309.56
1793289960000000000,2026-10-29T16:06:00Z,controller 2,1.096,1.648,-11.49,384.19,305.77,0.0,1.09,100.0,3,Off,1041.7,320.81
1793290020000000000,2026-10-29T16:07:00Z,free response,0.964,1.42,106.41,174.62,94.61,0.0,0.65,100.0,3,Off,1081.47,319.78
1793290080000000000,2026-10-29T16:08:00Z,controller 1,1.01,1.983,139.59,390.88,370.32,0.0,0.95,100.0,2,Off,1103.83,309.41
1793290140000000000,2026-10-29T16:09:00Z,free response,0.958,1.743,-14.78,92.29,258.14,0.0,0.83,100.0,1,Off,1129.84,289.66
1793290200000000000,2026-10-29T16:10:00Z,free response,0.974,1.855,177.31,139.94,297.44,0.0,0.83,100.0,3,Off,1085.1,312.68
1793290260000000000,2026-10-29T16:11:00Z,controller 2,1.05,1.811,39.99,390.5,210.88,0.0,0.98,100.0,2,Off,1117.56,333.28
1793290320000000000,2026-10-29T16:12:00Z,free response,1.02,1.532,163.38,122.28,136.35,0.0,0.77,100.0,2,Off,1117.4,328.22
1793290380000000000,2026-10-29T16:13:00Z,controller 2,1.107,1.991,-9.62,418.11,472.26,0.0,1.25,100.0,2,Off,1113.11,324.51
1793290440000000000,2026-10-29T16:14:00Z,free response,0.985,1.617,120.91,349.72,88.71,0.0,0.85,100.0,3,Off,1159.23,295.65
1793290500000000000,2026-10-29T16:15:00Z,controller 1,1.039,1.825,26.79,342.65,251.73,0.0,0.98,100.0,1,Off,1126.74,280.73
1793290560000000000,2026-10-29T16:16:00Z,controller 1,1.025,1.876,133.12,266.68,271.43,0.0,1.0,100.0,1,Off,1139.27,280.03
1793290620000000000,2026-10-29T16:17:00Z,free response,1.011,2.101,30.43,171.11,128.19,0.0,1.02,100.0,2,Off,1091.8,269.99
1793290680000000000,2026-10-29T16:18:00Z,controller 2,1.034,1.749,-14.76,386.48,528.9,0.0,0.84,100.0,2,Off,1077.7,243.21
1793290740000000000,2026-10-29T16:19:00Z,controller 1,0.958,1.57,47.44,78.57,588.73,0.0,0.72,100.0,3,Off,1090.47,267.52
1793290800000000000,2026-10-29T16:20:00Z,controller 2,1.027,1.909,132.14,199.2,35.05,0.0,1.08,100.0,3,Off,1046.28,258.45
1793290860000000000,2026-10-29T16:21:00Z,free response,1.059,1.87,109.9,424.04,98.91,0.0,1.03,100.0,3,Off,1082.09,265.32
1793290920000000000,2026-10-29T16:22:00Z,free response,0.96,1.871,50.79,19.43,253.02,0.0,0.92,100.0,2,Off,1039.68,260.13
1793290980000000000,2026-10-29T16:23:00Z,free response,0.964,1.501,164.25,263.18,168.12,0.0,0.69,100.0,3,Off,1057.61,273.14
1793291040000000000,2026-10-29T16:24:00Z,free response,1.027,1.774,155.8,212.52,465.25,0.0,0.99,100.0,1,Off,1031.29,281.99
1793291100000000000,2026-10-29T16:25:00Z,free response,1.023,1.442,134.0,275.05,432.07,0.0,0.71,100.0,3,Off,1007.36,296.32
1793291160000000000,2026-10-29T16:26:00Z,free response,1.079,1.808,-14.6,40.92,512.75,0.0,1.01,100.0,2,Off,1035.36,297.51
1793291220000000000,2026-10-29T16:27:00Z,controller 1,1.031,1.475,81.56,362.83,328.85,0.0,0.79,100.0,1,Off,1064.2,307.03
1793291280000000000,2026-10-29T16:28:00Z,controller 1,1.058,1.63,-16.15,92.02,176.81,0.0,0.9,100.0,3,Off,1441.93,786.49
1793291340000000000,2026-10-29T16:29:00Z,free response,0.934,1.844,174.71,264.12,48.91,0.0,0.8,100.0,3,Off,1398.48,810.96
1793291400000000000,2026-10-29T16:30:00Z,free response,1.676,11.528,80.64,232.7,272.13,0.0,15.23,100.0,3,Off,1440.73,810.31
1793291460000000000,2026-10-29T16:31:00Z,free response,1.606,12.123,110.61,322.17,358.54,0.0,14.95,100.0,2,Off,1476.32,822.73
1793291520000000000,2026-10-29T16:32:00Z,free response,1.75,12.169,121.19,165.24,217.03,0.0,16.89,100.0,1,Off,1500.0,827.75
1793291580000000000,2026-10-29T16:33:00Z,controller 1,1.723,12.062,148.56,362.14,412.53,0.0,19.09,100.0,2,Off,1491.56,837.5
1793291640000000000,2026-10-29T16:34:00Z,controller 1,1.712,11.534,8.23,131.94,511.56,0.0,16.32,100.0,2,Off,1500.0,832.19
1793291700000000000,2026-10-29T16:35:00Z,controller 1,1.668,11.627,-20.88,337.73,86.15,0.0,15.35,100.0,2,Off,1500.0,843.81
1793291760000000000,2026-10-29T16:36:00Z,controller 1,1.733,11.934,46.31,248.89,58.08,0.0,17.64,100.0,3,Off,1500.0,873.13
1793291820000000000,2026-10-29T16:37:00Z,free response,1.696,11.569,32.03,19.47,545.21,0.0,17.99,100.0,2,Off,1481.09,869.44
1793291880000000000,2026-10-29T16:38:00Z,controller 1,1.666,11.973,23.39,129.64,72.4,0.0,16.76,100.0,2,Off,1495.84,875.02
1793291940000000000,2026-10-29T16:39:00Z,free response,1.598,11.871,166.42,63.77,109.8,0.0,15.36,100.0,2,Off,1480.87,887.65
1793292000000000000,2026-10-29T16:40:00Z,free response,1.653,11.926,90.51,352.65,314.53,0.0,15.05,100.0,1,Off,1500.0,910.01
1793292060000000000,2026-10-29T16:41:00Z,controller 1,1.74,11.769,25.36,182.56,159.45,0.0,17.14,100.0,1,Off,1500.0,935.5
1793292120000000000,2026-10-29T16:42:00Z,free response,1.722,12.242,180.3,72.92,591.09,0.0,17.14,100.0,3,Off,1469.6,948.31
1793292180000000000,2026-10-29T16:43:00Z,free response,1.728,12.217,153.01,40.56,174.0,0.0,17.63,100.0,2,Off,1494.94,931.8
1793292240000000000,2026-10-29T16:44:00Z,controller 2,1.617,12.097,48.3,189.03,150.98,0.0,14.54,100.0,1,Off,1493.36,927.92
1793292300000000000,2026-10-29T16:45:00Z,controller 2,1.698,11.99,143.92,101.07,88.26,0.0,17.02,100.0,3,Off,1460.05,927.49
1793292360000000000,2026-10-29T16:46:00Z,controller 1,1.753,11.482,176.23,165.72,46.29,0.0,18.86,100.0,2,Off,1422.41,947.28
1793292420000000000,2026-10-29T16:47:00Z,controller 2,1.773,11.972,151.21,433.33,500.84,0.0,19.26,100.0,1,Off,1441.35,947.49
1793292480000000000,2026-10-29T16:48:00Z,controller 1,1.675,12.067,189.55,125.23,489.45,0.0,18.29,100.0,3,Off,1418.16,930.05
1793292540000000000,2026-10-29T16:49:00Z,free response,1.645,11.517,31.35,201.09,508.52,0.0,14.44,100.0,2,Off,1428.93,932.79
1793292600000000000,2026-10-29T16:50:00Z,controller 2,1.685,11.637,-8.81,358.09,436.72,0.0,15.03,100.0,2,Off,1398.45,956.78
1793292660000000000,2026-10-29T16:51:00Z,controller 2,1.722,11.686,149.1,195.13,182.78,0.0,17.91,100.0,3,Off,1381.54,967.27
1793292720000000000,2026-10-29T16:52:00Z,controller 2,1.657,12.006,-19.94,236.38,235.22,0.0,16.62,100.0,1,Off,1400.33,975.88
1793292780000000000,2026-10-29T16:53:00Z,controller 2,1.753,12.172,27.89,44.99,254.64,0.0,20.02,100.0,2,Off,1438.13,990.17
1793292840000000000,2026-10-29T16:54:00Z,controller 1,1.627,12.212,26.22,185.68,599.35,0.0,16.05,100.0,3,Off,1397.75,1000.0
1793292900000000000,2026-10-29T16:55:00Z,controller 2,1.601,11.941,9.19,129.54,409.4,0.0,14.37,100.0,3,Off,1380.78,1000.0
1793292960000000000,2026-10-29T16:56:00Z,free response,1.757,11.904,140.23,292.48,506.62,0.0,16.57,100.0,1,Off,1368.18,991.83
1793293020000000000,2026-10-29T16:57:00Z,controller 2,1.742,12.254,-22.29,323.85,224.5,0.0,19.67,100.0,1,Off,1365.6,994.8
1793293080000000000,2026-10-29T16:58:00Z,free response,1.607,12.079,77.98,273.24,200.99,0.0,15.91,100.0,2,Off,1377.73,994.95
1793293140000000000,2026-10-29T16:59:00Z,controller 2,1.734,11.644,-6.5,5.43,512.53,0.0,16.04,100.0,3,Off,1346.88,1000.0
1793293200000000000,2026-10-29T17:00:00Z,controller 1,2.719,7.713,191.66,225.97,164.09,0.0,28.12,100.0,3,Off,1302.7,981.64
1793293260000000000,2026-10-29T17:01:00Z,controller 2,2.736,8.047,45.63,264.8,434.59,0.0,28.75,100.0,2,Off,1264.87,971.76
1793293320000000000,2026-10-29T17:02:00Z,controller 2,2.728,7.974,192.6,195.88,459.64,0.0,27.14,100.0,3,Off,1295.17,967.05
1793293380000000000,2026-10-29T17:03:00Z,controller 2,2.835,7.799,9.08,298.93,581.92,0.0,30.13,100.0,2,Off,1283.05,948.63
1793293440000000000,2026-10-29T17:04:00Z,free response,2.87,7.594,-26.82,400.66,548.1,0.0,33.04,100.0,1,Off,1323.49,919.19
1793293500000000000,2026-10-29T17:05:00Z,controller 2,2.842,8.106,133.01,96.86,364.43,0.0,31.91,100.0,1,Off,913.48,866.49
1793293560000000000,2026-10-29T17:06:00Z,controller 1,2.713,7.933,71.4,163.4,450.15,0.0,29.7,100.0,1,Off,933.53,855.92
1793293620000000000,2026-10-29T17:07:00Z,controller 2,2.711,8.146,198.64,44.95,11.8,0.0,30.94,38.14,3,Off,953.59,883.57
1793293680000000000,2026-10-29T17:08:00Z,controller 1,2.849,8.06,150.01,321.35,185.9,0.0,29.7,100.0,2,Starting,968.37,864.22
1793293740000000000,2026-10-29T17:09:00Z,free response,2.827,7.733,-20.45,274.41,132.83,0.0,30.48,100.0,1,Starting,933.09,881.26
1793293800000000000,2026-10-29T17:10:00Z,controller 1,2.735,8.209,91.25,186.06,284.22,0.0,30.87,100.0,2,Starting,934.76,851.64
1793293860000000000,2026-10-29T17:11:00Z,controller 2,2.81,7.626,-10.21,256.41,1.26,0.0,30.15,4.18,2,Starting,955.6,878.34
1793293920000000000,2026-10-29T17:12:00Z,controller 1,2.873,7.761,6.57,10.43,140.98,0.0,35.0,100.0,1,Starting,988.72,902.94
1793293980000000000,2026-10-29T17:13:00Z,controller 1,2.764,7.894,56.94,321.69,416.23,0.0,30.69,100.0,2,Starting,980.93,907.61
1793294040000000000,2026-10-29T17:14:00Z,controller 1,2.769,8.195,-2.74,146.55,274.41,0.0,34.02,100.0,3,Starting,1029.42,877.81
1793294100000000000,2026-10-29T17:15:00Z,controller 2,2.731,7.61,50.64,102.26,102.77,0.0,25.77,100.0,3,Starting,1032.78,891.32
1793294160000000000,2026-10-29T17:16:00Z,controller 2,2.845,7.83,72.75,101.9,300.01,0.0,30.03,100.0,1,Starting,985.48,874.92
1793294220000000000,2026-10-29T17:17:00Z,controller 2,2.847,8.139,-1.43,370.33,464.27,0.0,31.18,100.0,3,Starting,1005.04,893.07
1793294280000000000,2026-10-29T17:18:00Z,controller 2,2.767,8.172,-18.07,333.72,155.84,0.0,33.12,100.0,3,Starting,1009.59,905.47
1793294340000000000,2026-10-29T17:19:00Z,controller 1,2.857,8.091,11.59,8.26,302.29,0.0,34.32,100.0,2,Starting,1008.82,885.49
1793294400000000000,2026-10-29T17:20:00Z,controller 2,2.841,7.541,163.1,247.64,371.41,0.0,32.08,100.0,2,Starting,960.9,890.0
1793294460000000000,2026-10-29T17:21:00Z,controller 2,2.77,7.683,5.57,7.36,51.12,0.0,31.54,100.0,2,Starting,985.9,911.82
1793294520000000000,2026-10-29T17:22:00Z,controller 1,2.872,7.77,31.32,384.83,157.47,0.0,30.57,100.0,2,Starting,972.14,891.03
1793294580000000000,2026-10-29T17:23:00Z,controller 1,2.873,7.774,8.63,216.91,552.41,0.0,29.64,100.0,1,Starting,947.08,918.37
1793294640000000000,2026-10-29T17:24:00Z,controller 2,2.797,7.876,35.1,385.49,35.64,0.0,32.35,100.0,3,Starting,911.73,888.7
1793294700000000000,2026-10-29T17:25:00Z,free response,2.804,7.916,45.89,121.0,10.11,0.0,34.02,29.72,1,Starting,904.83,870.12
1793294760000000000,2026-10-29T17:26:00Z,controller 2,2.791,8.037,161.11,422.02,168.85,0.0,28.82,100.0,3,Starting,876.27,864.28
1793294820000000000,2026-10-29T17:27:00Z,controller 2,2.77,7.576,-21.83,133.29,479.47,0.0,27.48,100.0,3,Starting,909.23,876.6
1793294880000000000,2026-10-29T17:28:00Z,free response,2.737,7.786,80.99,75.16,17.75,0.0,28.27,62.79,2,Starting,868.93,850.32
1793294940000000000,2026-10-29T17:29:00Z,free response,2.841,7.754,42.13,74.66,209.5,0.0,28.76,100.0,3,Starting,895.55,877.81
1793295000000000000,2026-10-29T17:30:00Z,controller 2,1.784,4.691,32.95,213.33,181.96,0.0,7.4,100.0,2,Starting,880.63,849.61
1793295060000000000,2026-10-29T17:31:00Z,free response,1.879,5.118,-1.47,247.65,396.12,0.0,9.32,100.0,1,Starting,926.11,860.56
1793295120000000000,2026-10-29T17:32:00Z,controller 1,1.789,4.745,137.06,298.26,26.06,0.0,8.28,100.0,3,Starting,943.21,848.44
1793295180000000000,2026-10-29T17:33:00Z,free response,1.906,4.9,88.11,107.22,460.85,0.0,8.34,100.0,2,Starting,898.55,832.64
1793295240000000000,2026-10-29T17:34:00Z,controller 1,1.924,4.455,133.61,337.39,54.99,0.0,8.46,100.0,3,Starting,883.23,804.25
1793295300000000000,2026-10-29T17:35:00Z,controller 2,1.906,4.472,198.52,18.19,459.4,0.0,7.87,100.0,3,Starting,927.46,800.52
1793295360000000000,2026-10-29T17:36:00Z,controller 1,1.927,4.506,160.52,402.64,261.07,0.0,7.72,100.0,3,Starting,943.83,820.11
1793295420000000000,2026-10-29T17:37:00Z,controller 2,1.865,4.814,132.48,165.19,525.29,0.0,7.92,100.0,3,Starting,899.38,832.7
1793295480000000000,2026-10-29T17:38:00Z,controller 2,1.784,4.588,99.0,126.66,143.05,0.0,7.38,100.0,1,Starting,531.28,746.04
1793295540000000000,2026-10-29T17:39:00Z,free response,1.857,4.947,76.88,379.28,316.58,0.0,9.2,100.0,3,Starting,548.73,740.55
1793295600000000000,2026-10-29T17:40:00Z,controller 1,1.931,4.987,64.98,132.05,418.1,0.0,9.82,100.0,3,Starting,499.24,725.26
1793295660000000000,2026-10-29T17:41:00Z,controller 1,1.912,4.974,41.75,371.61,86.26,0.0,9.69,100.0,1,Starting,454.24,752.6
1793295720000000000,2026-10-29T17:42:00Z,controller 1,1.809,5.172,10.25,168.02,18.76,0.0,8.49,100.0,3,Starting,489.91,767.74
1793295780000000000,2026-10-29T17:43:00Z,controller 1,1.879,4.677,193.49,404.5,37.17,0.0,7.6,100.0,1,Starting,519.93,754.92
1793295840000000000,2026-10-29T17:44:00Z,controller 2,1.831,4.552,111.47,247.8,406.84,0.0,7.34,100.0,2,Starting,482.84,738.12
1793295900000000000,2026-10-29T17:45:00Z,controller 1,1.856,5.023,-10.37,91.4,213.56,0.0,9.27,100.0,2,Starting,468.75,724.66
1793295960000000000,2026-10-29T17:46:00Z,controller 1,1.933,4.565,59.46,316.48,381.34,0.0,7.87,100.0,1,Starting,478.46,749.04
1793296020000000000,2026-10-29T17:47:00Z,free response,1.77,4.454,92.44,201.7,292.16,0.0,7.17,100.0,2,Starting,461.06,760.64
1793296080000000000,2026-10-29T17:48:00Z,controller 1,1.929,4.705,15.7,6.17,76.93,0.0,7.93,100.0,1,Starting,447.84,788.55
1793296140000000000,2026-10-29T17:49:00Z,controller 1,1.775,4.51,155.27,393.87,300.8,0.0,7.55,100.0,1,Starting,460.8,794.85
1793296200000000000,2026-10-29T17:50:00Z,controller 2,1.924,4.933,76.07,256.98,446.49,0.0,9.9,100.0,1,Starting,446.42,803.5
1793296260000000000,2026-10-29T17:51:00Z,controller 1,1.832,5.042,110.38,52.58,591.55,0.0,9.3,100.0,1,Starting,401.7,791.28
1793296320000000000,2026-10-29T17:52:00Z,controller 2,1.86,4.737,164.39,363.47,563.64,0.0,8.37,100.0,1,Starting,392.33,777.96
1793296380000000000,2026-10-29T17:53:00Z,free response,1.815,4.699,147.73,237.56,377.71,0.0,8.05,100.0,3,Starting,422.11,792.89
1793296440000000000,2026-10-29T17:54:00Z,controller 1,1.831,4.554,-11.69,15.69,410.78,0.0,7.48,100.0,2,Starting,444.56,773.58
1793296500000000000,2026-10-29T17:55:00Z,controller 1,1.767,4.843,4.65,125.16,174.35,0.0,8.1,100.0,1,Starting,471.47,792.75
1793296560000000000,2026-10-29T17:56:00Z,free response,1.827,5.093,163.21,289.59,39.08,0.0,8.16,100.0,3,Starting,519.06,797.07
1793296620000000000,2026-10-29T17:57:00Z,controller 2,1.845,4.704,136.01,243.67,575.62,0.0,7.8,100.0,2,Starting,1264.96,668.19
1793296680000000000,2026-10-29T17:58:00Z,controller 2,1.91,5.016,24.55,9.08,233.09,0.0,8.64,100.0,3,Starting,1216.07,655.6
1793296740000000000,2026-10-29T17:59:00Z,controller 1,1.875,4.69,2.2,268.48,227.56,0.0,8.88,100.0,2,Starting,1201.93,683.43
1793296800000000000,2026-10-29T18:00:00Z,controller 1,1.256,5.265,65.74,36.97,568.65,0.0,4.04,100.0,1,Starting,1232.38,707.82
1793296860000000000,2026-10-29T18:01:00Z,controller 2,1.212,4.921,119.91,105.89,359.14,0.0,3.46,100.0,2,Starting,1271.41,688.79
1793296920000000000,2026-10-29T18:02:00Z,free response,1.316,4.878,-16.71,310.77,194.82,0.0,3.95,100.0,1,Starting,1318.64,690.55
1793296980000000000,2026-10-29T18:03:00Z,controller 2,1.183,5.519,6.28,316.03,340.83,0.0,3.49,100.0,2,Starting,1355.15,681.87
1793297040000000000,2026-10-29T18:04:00Z,controller 2,1.282,5.266,178.36,195.58,422.64,0.0,4.65,100.0,2,Starting,753.08,728.82
1793297100000000000,2026-10-29T18:05:00Z,controller 2,1.339,4.999,172.05,231.41,47.66,0.0,4.91,100.0,2,Starting,725.46,729.95
1793297160000000000,2026-10-29T18:06:00Z,controller 2,1.242,4.983,172.87,185.36,424.89,0.0,3.73,100.0,1,Starting,729.93,706.28
1793297220000000000,2026-10-29T18:07:00Z,controller 1,1.214,5.649,35.45,392.5,385.91,0.0,4.4,100.0,2,Starting,750.95,696.79
1793297280000000000,2026-10-29T18:08:00Z,controller 2,1.321,5.24,160.39,219.12,591.96,0.0,4.74,100.0,1,Starting,766.27,721.14
1793297340000000000,2026-10-29T18:09:00Z,controller 2,1.173,5.392,15.82,73.73,98.91,0.0,3.64,100.0,2,Starting,732.24,706.42
1793297400000000000,2026-10-29T18:10:00Z,controller 1,1.256,5.603,190.12,236.91,527.22,0.0,4.31,100.0,1,Starting,694.79,696.87
1793297460000000000,2026-10-29T18:11:00Z,free response,1.192,5.196,139.88,119.46,426.8,0.0,3.65,100.0,1,Starting,718.07,676.35
1793297520000000000,2026-10-29T18:12:00Z,controller 1,1.332,5.498,87.25,407.05,403.77,0.0,4.44,100.0,2,Starting,736.3,649.25
1793297580000000000,2026-10-29T18:13:00Z,controller 1,1.183,5.179,126.46,33.2,302.32,0.0,3.61,100.0,1,Starting,723.32,662.05
1793297640000000000,2026-10-29T18:14:00Z,controller 1,1.313,5.531,165.05,281.15,210.23,0.0,5.08,100.0,3,Starting,755.42,679.04
1793297700000000000,2026-10-29T18:15:00Z,controller 1,1.275,5.087,27.15,79.49,179.41,0.0,4.06,100.0,3,Starting,740.04,708.51
1793297760000000000,2026-10-29T18:16:00Z,controller 1,1.199,5.162,149.42,427.82,146.9,0.0,3.8,100.0,2,Starting,697.63,684.82
1793297820000000000,2026-10-29T18:17:00Z,controller 2,1.167,5.097,7.79,27.22,511.52,0.0,3.45,100.0,3,Starting,680.68,700.55
1793297880000000000,2026-10-29T18:18:00Z,controller 2,1.241,5.401,-10.8,204.85,67.3,0.0,4.1,100.0,3,Starting,670.84,686.61
1793297940000000000,2026-10-29T18:19:00Z,controller 1,1.271,5.568,195.61,95.91,488.66,0.0,4.46,100.0,2,Starting,673.88,659.19
1793298000000000000,2026-10-29T18:20:00Z,free response,1.262,5.554,49.02,242.6,500.38,0.0,4.62,100.0,2,Starting,659.78,664.56
1793298060000000000,2026-10-29T18:21:00Z,controller 1,1.225,5.117,163.48,287.59,170.73,0.0,3.87,100.0,2,Starting,685.69,689.44
1793298120000000000,2026-10-29T18:22:00Z,controller 1,1.336,5.3,90.01,138.65,462.56,0.0,4.31,100.0,1,Starting,648.82,713.77
1793298180000000000,2026-10-29T18:23:00Z,free response,1.278,5.046,61.9,195.93,23.97,0.0,3.94,100.0,3,Starting,630.59,738.7
1793298240000000000,2026-10-29T18:24:00Z,controller 2,1.298,4.93,-5.34,116.54,523.68,0.0,3.82,100.0,1,Starting,631.29,722.21
1793298300000000000,2026-10-29T18:25:00Z,controller 2,1.31,5.527,170.05,100.13,284.16,0.0,4.96,100.0,2,Starting,677.91,710.75
1793298360000000000,2026-10-29T18:26:00Z,controller 1,1.168,5.587,36.7,337.7,251.43,0.0,3.82,100.0,2,Starting,723.03,712.08
1793298420000000000,2026-10-29T18:27:00Z,controller 2,1.2,4.964,-6.11,208.17,443.9,0.0,3.58,100.0,3,Starting,758.92,684.61
1793298480000000000,2026-10-29T18:28:00Z,free response,1.27,5.375,-3.28,113.89,133.07,0.0,4.59,100.0,3,Starting,1075.06,800.16
1793298540000000000,2026-10-29T18:29:00Z,controller 2,1.245,4.989,143.23,142.96,143.43,0.0,3.7,100.0,2,Starting,1076.41,801.9
1793298600000000000,2026-10-29T18:30:00Z,controller 2,0.127,2.833,150.78,101.95,111.8,0.0,0.02,100.0,2,Starting,1090.55,799.65
1793298660000000000,2026-10-29T18:31:00Z,controller 1,0.25,2.476,143.73,358.17,380.59,0.0,0.07,100.0,2,Starting,1057.61,802.79
1793298720000000000,2026-10-29T18:32:00Z,free response,0.139,2.256,153.46,48.31,218.3,0.0,0.02,100.0,3,Starting,1105.74,786.91
1793298780000000000,2026-10-29T18:33:00Z,controller 2,0.269,2.876,-22.73,380.34,272.61,0.0,0.1,100.0,2,Starting,1075.01,773.55
1793298840000000000,2026-10-29T18:34:00Z,controller 1,0.265,2.858,3.5,236.88,240.59,0.0,0.1,100.0,1,Starting,1098.84,758.52
1793298900000000000,2026-10-29T18:35:00Z,controller 1,0.139,2.317,5.05,354.59,330.13,0.0,0.02,100.0,2,Starting,1146.45,787.79
1793298960000000000,2026-10-29T18:36:00Z,controller 2,0.116,2.925,165.34,322.02,523.94,0.0,0.02,100.0,1,Starting,1153.98,780.04
1793299020000000000,2026-10-29T18:37:00Z,free response,0.148,2.379,190.52,50.39,282.81,0.0,0.02,100.0,1,Starting,1168.85,779.18
1793299080000000000,2026-10-29T18:38:00Z,controller 2,0.266,2.583,-5.0,159.68,453.97,0.0,0.09,100.0,2,Starting,1209.02,786.32
1793299140000000000,2026-10-29T18:39:00Z,controller 2,0.199,2.838,30.91,411.52,584.09,0.0,0.06,100.0,3,Starting,1200.32,778.91
1793299200000000000,2026-10-29T18:40:00Z,free response,0.211,2.277,129.2,343.52,41.84,0.0,0.05,100.0,2,Starting,1154.49,775.58
1793299260000000000,2026-10-29T18:41:00Z,controller 2,0.254,2.475,112.57,199.57,464.2,0.0,0.08,100.0,1,Starting,1136.02,805.18
1793299320000000000,2026-10-29T18:42:00Z,free response,0.223,2.777,38.76,174.68,70.02,0.0,0.07,100.0,1,Starting,1119.85,776.35
1793299380000000000,2026-10-29T18:43:00Z,controller 1,0.213,2.662,136.05,398.55,478.48,0.0,0.06,100.0,3,Starting,1159.68,758.52
1793299440000000000,2026-10-29T18:44:00Z,controller 1,0.249,2.576,187.73,347.84,508.33,0.0,0.08,100.0,2,Starting,1161.87,785.51
1793299500000000000,2026-10-29T18:45:00Z,controller 1,0.193,2.931,171.76,351.12,47.02,0.0,0.06,100.0,1,Starting,1184.43,778.25
1793299560000000000,2026-10-29T18:46:00Z,controller 1,0.239,2.671,33.57,128.55,192.56,0.0,0.08,100.0,1,Starting,1189.79,765.61
1793299620000000000,2026-10-29T18:47:00Z,controller 1,0.164,2.908,49.97,424.59,77.74,0.0,0.04,100.0,1,Starting,1233.07,792.95
1793299680000000000,2026-10-29T18:48:00Z,controller 1,0.22,2.75,3.59,425.7,293.29,0.0,0.07,100.0,2,Starting,1262.38,764.68
1793299740000000000,2026-10-29T18:49:00Z,free response,0.176,2.216,-1.52,38.99,74.68,0.0,0.03,100.0,2,Starting,1267.68,766.44
1793299800000000000,2026-10-29T18:50:00Z,controller 1,0.222,2.315,177.27,126.13,133.1,0.0,0.06,100.0,2,Starting,1241.28,769.71
1793299860000000000,2026-10-29T18:51:00Z,controller 1,0.233,2.775,-25.59,242.66,165.04,0.0,0.08,100.0,2,Starting,1196.26,751.25
1793299920000000000,2026-10-29T18:52:00Z,controller 2,0.148,2.611,-22.71,427.84,392.6,0.0,0.03,100.0,3,Starting,1210.2,751.63
1793299980000000000,2026-10-29T18:53:00Z,free response,0.189,2.785,176.93,97.89,558.37,0.0,0.05,100.0,1,Starting,1217.83,765.95
1793300040000000000,2026-10-29T18:54:00Z,controller 1,0.281,2.917,187.73,189.9,467.32,0.0,0.11,100.0,3,Starting,1176.76,757.84
1793300100000000000,2026-10-29T18:55:00Z,controller 1,0.22,2.444,21.53,86.79,457.22,0.0,0.06,100.0,1,Starting,1174.12,776.7
1793300160000000000,2026-10-29T18:56:00Z,controller 1,0.162,2.346,197.92,308.18,568.99,0.0,0.03,100.0,1,Starting,1196.96,798.65
1793300220000000000,2026-10-29T18:57:00Z,controller 1,0.141,2.263,13.46,129.85,244.11,0.0,0.02,100.0,3,Starting,1191.82,776.52
1793300280000000000,2026-10-29T18:58:00Z,controller 1,0.235,2.257,119.63,0.63,474.36,0.0,0.06,100.0,1,Starting,1203.12,788.61
1793300340000000000,2026-10-29T18:59:00Z,controller 2,0.192,2.46,54.85,103.34,397.29,0.0,0.04,100.0,1,Starting,1159.81,814.93
1793300400000000000,2026-10-29T19:00:00Z,controller 1,2.954,7.312,34.15,153.54,458.8,0.0,32.35,100.0,3,Starting,1135.88,806.73
1793300460000000000,2026-10-29T19:01:00Z,controller 2,2.875,6.798,145.39,411.52,265.49,0.0,30.67,100.0,2,Starting,1118.8,814.74
1793300520000000000,2026-10-29T19:02:00Z,controller 1,2.831,6.787,-17.62,22.26,202.84,0.0,29.68,100.0,1,Starting,1168.74,806.95
1793300580000000000,2026-10-29T19:03:00Z,controller 2,2.913,6.876,179.35,51.7,99.83,0.0,28.37,100.0,2,Starting,1154.26,803.97
1793300640000000000,2026-10-29T19:04:00Z,controller 1,2.805,6.924,55.21,175.37,531.26,0.0,27.53,100.0,1,Starting,1197.34,825.89
1793300700000000000,2026-10-29T19:05:00Z,controller 2,2.92,6.829,77.86,327.72,536.79,0.0,27.67,100.0,1,Starting,1176.22,850.58
1793300760000000000,2026-10-29T19:06:00Z,free response,2.945,6.93,145.19,2.71,174.76,0.0,27.05,100.0,3,Starting,1205.74,823.99
1793300820000000000,2026-10-29T19:07:00Z,free response,2.929,6.991,101.68,385.34,475.41,0.0,27.9,100.0,3,Starting,1161.31,841.89
1793300880000000000,2026-10-29T19:08:00Z,controller 1,2.912,6.573,-28.91,198.16,470.3,0.0,28.93,100.0,3,Starting,1183.87,856.34
1793300940000000000,2026-10-29T19:09:00Z,controller 1,2.826,6.716,70.6,356.92,533.48,0.0,26.67,100.0,3,Starting,1157.2,860.39
1793301000000000000,2026-10-29T19:10:00Z,free response,2.941,7.326,36.94,159.49,362.42,0.0,34.76,100.0,1,Starting,1121.41,875.67
1793301060000000000,2026-10-29T19:11:00Z,controller 1,2.888,6.806,122.3,231.35,561.27,0.0,28.66,100.0,3,Starting,1149.4,847.66
1793301120000000000,2026-10-29T19:12:00Z,controller 2,2.928,6.612,-10.76,396.92,470.4,0.0,31.12,100.0,2,Starting,1136.95,868.71
1793301180000000000,2026-10-29T19:13:00Z,controller 1,2.809,6.607,80.17,237.8,531.63,0.0,28.56,100.0,2,Starting,1109.08,886.2
1793301240000000000,2026-10-29T19:14:00Z,controller 1,2.91,6.842,145.73,39.0,454.26,0.0,27.99,100.0,3,Starting,1062.49,900.02
1793301300000000000,2026-10-29T19:15:00Z,controller 2,2.884,7.004,115.02,40.34,315.64,0.0,31.36,100.0,1,Starting,1070.71,360.86
1793301360000000000,2026-10-29T19:16:00Z,free response,2.896,6.556,138.52,262.36,557.17,0.0,25.16,100.0,1,Starting,1022.4,380.11
1793301420000000000,2026-10-29T19:17:00Z,controller 1,2.93,6.815,-24.27,17.25,179.72,0.0,26.91,100.0,2,Starting,1006.48,400.5
1793301480000000000,2026-10-29T19:18:00Z,controller 2,2.951,7.068,-7.45,249.8,577.07,0.0,28.16,100.0,2,Starting,989.65,378.31
1793301540000000000,2026-10-29T19:19:00Z,controller 2,2.845,7.304,34.88,33.12,520.61,0.0,29.17,100.0,3,Starting,986.27,401.91
1793301600000000000,2026-10-29T19:20:00Z,controller 1,2.92,7.0,2.24,24.2,110.98,0.0,28.77,100.0,1,Starting,937.45,385.06
1793301660000000000,2026-10-29T19:21:00Z,controller 2,2.953,6.763,-17.92,357.53,339.87,0.0,29.59,100.0,1,Starting,903.53,394.65
1793301720000000000,2026-10-29T19:22:00Z,controller 2,2.81,6.674,125.96,166.82,380.5,0.0,24.09,100.0,2,Starting,876.23,384.57
1793301780000000000,2026-10-29T19:23:00Z,controller 1,2.856,6.805,82.06,400.87,368.84,0.0,29.01,100.0,1,Starting,924.28,387.74
1793301840000000000,2026-10-29T19:24:00Z,controller 1,2.951,7.218,47.46,180.74,528.37,0.0,28.88,100.0,1,Starting,930.26,388.1
1793301900000000000,2026-10-29T19:25:00Z,controller 2,2.938,7.298,136.1,317.87,426.11,0.0,31.64,100.0,3,Starting,882.29,361.98
1793301960000000000,2026-10-29T19:26:00Z,controller 2,2.972,7.329,93.2,339.04,249.17,0.0,30.41,100.0,3,Starting,871.94,358.49
1793302020000000000,2026-10-29T19:27:00Z,free response,2.882,6.984,56.05,81.74,556.3,0.0,26.53,100.0,3,Starting,954.16,949.61
1793302080000000000,2026-10-29T19:28:00Z,free response,2.863,7.031,86.25,23.13,89.6,0.0,31.29,100.0,2,Starting,948.03,941.44
1793302140000000000,2026-10-29T19:29:00Z,controller 1,2.891,7.175,-26.2,361.25,121.1,0.0,30.94,100.0,3,Starting,976.23,930.07
1793302200000000000,2026-10-29T19:30:00Z,controller 1,2.106,10.435,182.5,418.19,207.8,0.0,21.64,100.0,3,Starting,1017.69,930.45
1793302260000000000,2026-10-29T19:31:00Z,controller 1,2.062,10.425,76.29,225.48,494.3,0.0,20.55,100.0,1,Starting,1043.66,910.67
1793302320000000000,2026-10-29T19:32:00Z,controller 1,2.038,9.923,-14.78,420.91,17.56,0.0,19.33,90.84,2,Starting,1055.29,901.63
1793302380000000000,2026-10-29T19:33:00Z,free response,2.076,10.398,31.7,62.89,452.47,0.0,22.11,100.0,2,Starting,1062.86,895.01
1793302440000000000,2026-10-29T19:34:00Z,controller 2,1.947,10.313,69.54,250.38,537.86,0.0,18.19,100.0,3,Starting,1103.16,876.49
1793302500000000000,2026-10-29T19:35:00Z,free response,1.957,10.339,142.02,318.84,148.12,0.0,20.85,100.0,3,Starting,1115.19,883.44
1793302560000000000,2026-10-29T19:36:00Z,free response,1.957,9.99,161.09,308.17,415.38,0.0,18.58,100.0,1,Starting,1163.4,858.72
1793302620000000000,2026-10-29T19:37:00Z,controller 1,2.002,9.823,41.73,242.52,87.89,0.0,18.8,100.0,3,Starting,1175.09,857.14
1793302680000000000,2026-10-29T19:38:00Z,free response,1.943,10.313,153.82,266.22,518.96,0.0,17.98,100.0,3,Starting,1210.36,833.63
1793302740000000000,2026-10-29T19:39:00Z,controller 2,1.968,9.76,106.78,82.87,227.71,0.0,19.13,100.0,3,Starting,1240.68,856.0
1793302800000000000,2026-10-29T19:40:00Z,controller 2,2.082,10.299,152.36,46.53,525.98,0.0,23.28,100.0,3,Starting,1198.95,854.22
1793302860000000000,2026-10-29T19:41:00Z,controller 2,2.011,9.747,-15.55,52.94,186.94,0.0,19.57,100.0,2,Starting,1181.67,855.1
1793302920000000000,2026-10-29T19:42:00Z,controller 1,2.074,10.352,162.45,139.88,158.17,0.0,21.76,100.0,2,Starting,1254.9,815.21
1793302980000000000,2026-10-29T19:43:00Z,free response,2.009,10.324,11.41,243.32,464.65,0.0,20.69,100.0,1,Starting,1266.77,831.13
1793303040000000000,2026-10-29T19:44:00Z,controller 2,2.031,10.256,96.47,340.99,254.24,0.0,23.22,100.0,2,Starting,1246.61,856.87
1793303100000000000,2026-10-29T19:45:00Z,controller 2,1.94,9.732,28.66,170.35,114.71,0.0,18.35,100.0,3,Starting,1198.07,852.98
1793303160000000000,2026-10-29T19:46:00Z,controller 1,2.018,10.101,197.48,357.27,524.28,0.0,20.41,100.0,2,Starting,1194.3,842.32
1793303220000000000,2026-10-29T19:47:00Z,controller 2,1.963,9.789,123.96,366.52,137.77,0.0,19.57,100.0,2,Starting,1242.04,823.44
1793303280000000000,2026-10-29T19:48:00Z,controller 2,2.094,10.018,141.5,123.87,384.65,0.0,21.05,100.0,2,Starting,1245.88,830.77
1793303340000000000,2026-10-29T19:49:00Z,controller 2,2.006,10.2,2.37,170.41,246.78,0.0,21.46,100.0,2,Starting,1238.05,832.98
1793303400000000000,2026-10-29T19:50:00Z,controller 2,1.991,10.184,74.39,164.46,17.74,0.0,22.09,80.31,2,Starting,1215.36,836.6
1793303460000000000,2026-10-29T19:51:00Z,controller 2,2.058,9.869,62.67,236.85,270.27,0.0,20.36,100.0,3,Starting,1230.3,827.35
1793303520000000000,2026-10-29T19:52:00Z,controller 2,1.989,10.192,174.79,59.03,266.62,0.0,19.9,100.0,3,Starting,1210.38,802.29
1793303580000000000,2026-10-29T19:53:00Z,controller 2,1.998,9.841,-21.15,186.76,13.74,0.0,19.75,69.57,1,Starting,1165.24,811.88
1793303640000000000,2026-10-29T19:54:00Z,controller 2,2.039,10.46,151.15,84.73,85.98,0.0,23.08,100.0,3,Starting,1211.51,839.97
1793303700000000000,2026-10-29T19:55:00Z,controller 2,2.116,10.036,-16.22,359.65,472.72,0.0,21.06,100.0,1,Starting,1192.61,832.67
1793303760000000000,2026-10-29T19:56:00Z,free response,2.103,10.39,91.13,214.92,165.12,0.0,25.0,100.0,3,Starting,1214.2,855.46
1793303820000000000,2026-10-29T19:57:00Z,controller 2,2.079,10.138,65.06,279.47,225.48,0.0,21.21,100.0,3,Starting,1207.71,867.09
1793303880000000000,2026-10-29T19:58:00Z,free response,2.106,10.029,161.69,52.08,443.66,0.0,21.1,100.0,2,Starting,1185.51,842.45
1793303940000000000,2026-10-29T19:59:00Z,controller 1,2.027,10.453,112.75,317.37,568.45,0.0,23.58,100.0,2,Starting,1163.51,823.39
1793304000000000000,2026-10-29T20:00:00Z,controller 1,2.095,6.935,126.06,157.84,114.55,0.0,16.17,100.0,2,Starting,1147.58,794.5
1793304060000000000,2026-10-29T20:01:00Z,free response,2.114,7.259,144.11,23.96,307.4,0.0,17.53,100.0,1,Starting,1135.03,805.99
1793304120000000000,2026-10-29T20:02:00Z,controller 2,2.083,7.328,195.4,214.71,268.31,0.0,15.84,100.0,2,Starting,1165.86,791.51
1793304180000000000,2026-10-29T20:03:00Z,free response,2.084,7.493,147.18,11.45,357.5,0.0,15.85,100.0,2,Starting,1124.21,787.72
1793304240000000000,2026-10-29T20:04:00Z,controller 1,2.151,7.494,73.4,379.15,266.35,0.0,18.26,100.0,2,Starting,1162.17,780.03
1793304300000000000,2026-10-29T20:05:00Z,controller 1,2.088,7.388,31.39,240.26,152.76,0.0,14.58,100.0,2,Starting,1177.6,792.89
1793304360000000000,2026-10-29T20:06:00Z,free response,2.143,6.915,57.3,194.77,214.21,0.0,17.25,100.0,1,Starting,1173.7,793.96
1793304420000000000,2026-10-29T20:07:00Z,controller 1,2.06,7.246,121.46,181.41,489.32,0.0,15.53,100.0,3,Starting,1153.8,809.92
1793304480000000000,2026-10-29T20:08:00Z,controller 1,2.138,7.377,139.76,307.98,304.86,0.0,16.28,100.0,2,Starting,1473.26,357.27
1793304540000000000,2026-10-29T20:09:00Z,controller 2,2.103,7.654,43.84,332.99,233.82,0.0,15.96,100.0,3,Starting,1471.8,343.79
1793304600000000000,2026-10-29T20:10:00Z,free response,2.015,7.118,13.98,193.18,583.3,0.0,14.17,100.0,3,Starting,1500.0,349.35
1793304660000000000,2026-10-29T20:11:00Z,free response,2.137,7.19,32.05,248.24,73.32,0.0,17.64,100.0,1,Starting,1488.05,322.38
1793304720000000000,2026-10-29T20:12:00Z,controller 2,2.144,7.309,106.32,313.53,57.81,0.0,16.89,100.0,1,Starting,1500.0,321.04
1793304780000000000,2026-10-29T20:13:00Z,controller 1,2.135,7.255,4.49,351.31,302.13,0.0,17.64,100.0,1,Starting,1500.0,300.33
1793304840000000000,2026-10-29T20:14:00Z,free response,2.034,6.981,-22.94,81.35,436.41,0.0,14.69,100.0,2,Starting,1489.5,301.66
1793304900000000000,2026-10-29T20:15:00Z,free response,2.122,7.117,-1.85,411.43,445.46,0.0,16.58,100.0,3,Starting,1500.0,330.46
1793304960000000000,2026-10-29T20:16:00Z,free response,2.03,7.071,188.82,432.44,265.56,0.0,13.68,100.0,1,Starting,1500.0,310.49
1793305020000000000,2026-10-29T20:17:00Z,controller 2,2.035,7.487,184.28,389.19,402.9,0.0,16.81,100.0,3,Starting,1491.64,304.93
1793305080000000000,2026-10-29T20:18:00Z,free response,1.982,6.925,82.6,122.98,130.37,0.0,14.82,100.0,3,Starting,1500.0,323.89
1793305140000000000,2026-10-29T20:19:00Z,controller 2,2.066,7.031,72.9,199.4,401.57,0.0,14.25,100.0,1,Starting,1496.53,322.93
1793305200000000000,2026-10-29T20:20:00Z,free response,2.058,7.111,28.38,206.62,319.09,0.0,15.91,100.0,2,Starting,1500.0,295.65
1793305260000000000,2026-10-29T20:21:00Z,controller 1,2.035,7.566,153.63,27.84,279.24,0.0,15.56,100.0,1,Starting,1500.0,290.89
1793305320000000000,2026-10-29T20:22:00Z,controller 2,2.11,7.078,-16.65,137.64,284.73,0.0,15.87,100.0,3,Starting,1500.0,292.8
1793305380000000000,2026-10-29T20:23:00Z,controller 2,2.133,7.393,118.19,5.65,571.52,0.0,17.43,100.0,3,Starting,1479.11,265.72
1793305440000000000,2026-10-29T20:24:00Z,free response,2.133,7.355,5.34,373.17,579.88,0.0,16.57,100.0,1,Starting,1432.98,287.35
1793305500000000000,2026-10-29T20:25:00Z,controller 2,2.144,7.034,-24.95,427.66,302.9,0.0,16.6,100.0,3,Off,1266.98,709.99
1793305560000000000,2026-10-29T20:26:00Z,controller 1,2.121,7.658,-22.86,214.84,332.87,0.0,15.8,100.0,2,Off,1270.66,723.66
1793305620000000000,2026-10-29T20:27:00Z,controller 1,2.047,7.301,195.45,148.25,52.76,0.0,15.57,100.0,2,Off,1290.74,696.68
1793305680000000000,2026-10-29T20:28:00Z,controller 2,1.985,7.403,33.79,194.27,304.18,0.0,13.97,100.0,2,Off,1282.6,673.33
1793305740000000000,2026-10-29T20:29:00Z,free response,1.999,6.92,126.81,350.42,43.35,0.0,14.14,100.0,2,Off,1300.59,654.33
1793305800000000000,2026-10-29T20:30:00Z,controller 2,2.02,7.102,-10.76,84.43,545.81,0.0,13.2,100.0,2,Off,1328.9,657.58
1793305860000000000,2026-10-29T20:31:00Z,controller 1,2.009,7.107,135.9,352.6,262.63,0.0,15.32,100.0,1,Off,1355.23,634.8
1793305920000000000,2026-10-29T20:32:00Z,controller 1,2.121,6.757,55.74,204.43,531.09,0.0,16.1,100.0,3,Off,1306.51,641.92
1793305980000000000,2026-10-29T20:33:00Z,free response,2.088,6.743,28.63,267.07,171.07,0.0,15.79,100.0,1,Off,1326.55,612.65
1793306040000000000,2026-10-29T20:34:00Z,controller 2,2.152,7.051,-27.05,240.07,539.64,0.0,16.89,100.0,1,Off,1364.11,603.45
1793306100000000000,2026-10-29T20:35:00Z,controller 1,2.066,6.903,0.27,398.74,478.76,0.0,14.74,100.0,1,Off,1359.89,579.06
1793306160000000000,2026-10-29T20:36:00Z,controller 2,2.147,7.362,63.66,376.88,126.43,0.0,17.44,100.0,1,Off,1379.44,559.46
1793306220000000000,2026-10-29T20:37:00Z,free response,2.08,6.934,1.64,421.66,468.69,0.0,15.49,100.0,3,Off,1364.3,560.74
1793306280000000000,2026-10-29T20:38:00Z,controller 2,1.995,7.399,163.74,14.67,551.63,0.0,14.75,100.0,3,Off,1113.16,532.9
1793306340000000000,2026-10-29T20:39:00Z,controller 2,2.083,7.094,110.73,39.56,78.66,0.0,15.0,100.0,3,Off,1124.67,510.98
1793306400000000000,2026-10-29T20:40:00Z,free response,2.145,7.003,122.56,167.09,111.72,0.0,17.7,100.0,1,Off,1091.9,522.57
1793306460000000000,2026-10-29T20:41:00Z,controller 2,2.086,6.863,134.97,244.74,8.29,0.0,15.94,52.01,2,Off,1140.86,522.55
1793306520000000000,2026-10-29T20:42:00Z,controller 2,2.069,7.275,80.76,355.27,413.99,0.0,14.89,100.0,2,Off,1144.56,541.5
1793306580000000000,2026-10-29T20:43:00Z,free response,1.992,7.261,57.31,304.03,225.12,0.0,14.29,100.0,1,Off,1097.52,522.0
1793306640000000000,2026-10-29T20:44:00Z,controller 1,2.146,7.044,119.94,80.97,562.48,0.0,16.25,100.0,1,Off,1061.65,549.82
1793306700000000000,2026-10-29T20:45:00Z,controller 2,2.06,7.095,79.92,313.55,536.1,0.0,14.26,100.0,2,Off,1053.69,557.93
1793306760000000000,2026-10-29T20:46:00Z,controller 2,2.106,7.081,150.4,299.34,416.45,0.0,14.9,100.0,2,Off,1032.82,561.05
1793306820000000000,2026-10-29T20:47:00Z,free response,2.138,7.339,27.18,31.06,325.87,0.0,16.42,100.0,1,Off,993.81,567.29
1793306880000000000,2026-10-29T20:48:00Z,free response,2.04,6.876,-2.75,49.43,84.65,0.0,14.15,100.0,3,Off,962.87,583.63
1793306940000000000,2026-10-29T20:49:00Z,controller 2,2.004,6.879,-23.01,21.66,532.08,0.0,12.95,100.0,3,Off,1001.85,554.06
1793307000000000000,2026-10-29T20:50:00Z,controller 1,1.991,7.094,154.41,64.54,255.89,0.0,13.33,100.0,3,Off,1049.17,571.48
1793307060000000000,2026-10-29T20:51:00Z,free response,2.04,7.077,72.23,102.64,288.48,0.0,16.11,100.0,3,Off,1015.67,586.07
1793307120000000000,2026-10-29T20:52:00Z,controller 1,2.146,7.144,43.39,287.89,479.46,0.0,17.22,100.0,3,Off,1026.54,597.34
1793307180000000000,2026-10-29T20:53:00Z,controller 1,1.986,7.457,29.27,312.04,111.96,0.0,13.82,100.0,1,Off,1231.92,943.39
1793307240000000000,2026-10-29T20:54:00Z,controller 1,2.094,6.949,27.04,78.48,118.98,0.0,15.15,100.0,2,Off,1182.47,969.39
1793307300000000000,2026-10-29T20:55:00Z,free response,2.086,7.026,140.48,294.3,476.56,0.0,14.33,100.0,3,Off,1182.78,940.88
1793307360000000000,2026-10-29T20:56:00Z,free response,2.102,7.45,145.98,54.99,199.42,0.0,15.3,100.0,1,Off,1149.43,948.18
1793307420000000000,2026-10-29T20:57:00Z,controller 1,2.068,6.858,-15.2,446.62,506.49,0.0,14.25,100.0,3,Off,1154.85,971.07
1793307480000000000,2026-10-29T20:58:00Z,free response,2.135,6.713,189.05,379.93,6.81,0.0,16.28,41.83,2,Off,1161.81,956.96
1793307540000000000,2026-10-29T20:59:00Z,controller 2,2.019,7.395,-27.72,432.67,597.14,0.0,16.32,100.0,2,Off,1138.96,979.34
1793307600000000000,2026-10-29T21:00:00Z,controller 2,1.199,4.773,174.1,82.97,370.89,0.0,3.24,100.0,2,Off,1094.44,1000.0
1793307660000000000,2026-10-29T21:01:00Z,controller 2,1.178,5.008,-28.63,22.35,27.52,0.0,3.18,100.0,1,Off,1141.7,987.15
1793307720000000000,2026-10-29T21:02:00Z,free response,1.191,5.339,19.93,151.73,571.49,0.0,4.05,100.0,1,Off,1140.46,958.88
1793307780000000000,2026-10-29T21:03:00Z,controller 1,1.144,4.912,177.36,322.33,202.56,0.0,3.4,100.0,2,Off,1165.32,941.64
1793307840000000000,2026-10-29T21:04:00Z,free response,1.174,4.76,170.03,201.33,186.43,0.0,3.1,100.0,3,Off,1198.23,937.03
1793307900000000000,2026-10-29T21:05:00Z,controller 2,1.246,4.861,111.59,6.31,44.99,0.0,3.87,100.0,2,Off,1203.97,952.05
1793307960000000000,2026-10-29T21:06:00Z,free response,1.107,4.859,125.54,213.54,42.04,0.0,2.95,100.0,1,Off,1182.62,958.5
1793308020000000000,2026-10-29T21:07:00Z,controller 2,1.229,5.023,31.95,8.03,397.74,0.0,3.56,100.0,3,Off,1187.64,985.28
1793308080000000000,2026-10-29T21:08:00Z,free response,1.242,5.291,-8.7,220.81,250.42,0.0,4.05,100.0,3,Off,1158.86,980.32
1793308140000000000,2026-10-29T21:09:00Z,controller 1,1.199,5.243,154.29,258.87,162.1,0.0,4.02,100.0,2,Off,1151.28,995.73
1793308200000000000,2026-10-29T21:10:00Z,free response,1.227,5.336,127.51,45.8,148.15,0.0,4.09,100.0,3,Off,1105.24,986.18
1793308260000000000,2026-10-29T21:11:00Z,controller 2,1.17,5.221,119.42,289.15,254.47,0.0,3.35,100.0,3,Off,1056.54,968.45
1793308320000000000,2026-10-29T21:12:00Z,controller 1,1.164,4.667,118.15,159.7,106.34,0.0,3.08,100.0,1,Off,1097.53,946.44
1793308380000000000,2026-10-29T21:13:00Z,controller 2,1.15,5.29,189.15,70.82,39.59,0.0,3.83,100.0,2,Off,1101.49,929.19
1793308440000000000,2026-10-29T21:14:00Z,controller 1,1.107,5.068,139.56,390.54,567.16,0.0,2.92,100.0,1,Off,1115.94,953.87
1793308500000000000,2026-10-29T21:15:00Z,free response,1.26,5.009,-7.98,225.78,572.9,0.0,4.3,100.0,3,Off,1101.38,954.5
1793308560000000000,2026-10-29T21:16:00Z,free response,1.141,4.88,5.22,68.18,96.02,0.0,3.35,100.0,3,Starting,1116.24,947.02
1793308620000000000,2026-10-29T21:17:00Z,controller 1,1.245,4.812,59.33,335.57,498.85,0.0,3.83,100.0,1,Starting,1081.51,924.66
1793308680000000000,2026-10-29T21:18:00Z,controller 2,1.124,5.025,182.76,416.3,326.5,0.0,2.94,100.0,2,Starting,1066.75,919.03
1793308740000000000,2026-10-29T21:19:00Z,free response,1.123,4.826,79.17,326.98,418.02,0.0,3.06,100.0,1,Starting,1052.15,933.47
1793308800000000000,2026-10-29T21:20:00Z,controller 2,1.175,5.142,84.1,146.19,36.49,0.0,3.79,100.0,2,Starting,1061.65,939.93
1793308860000000000,2026-10-29T21:21:00Z,controller 2,1.143,4.611,182.9,349.04,326.74,0.0,3.3,100.0,2,Starting,1060.47,968.9
1793308920000000000,2026-10-29T21:22:00Z,controller 2,1.226,4.65,75.06,121.0,407.26,0.0,3.73,100.0,3,Starting,1036.39,979.91
1793308980000000000,2026-10-29T21:23:00Z,free response,1.275,5.231,139.44,196.38,493.56,0.0,4.16,100.0,3,Starting,1007.18,989.66
1793309040000000000,2026-10-29T21:24:00Z,free response,1.247,5.193,162.42,173.24,205.51,0.0,3.97,100.0,1,Starting,1043.11,993.84
1793309100000000000,2026-10-29T21:25:00Z,controller 2,1.274,4.601,80.31,12.41,486.42,0.0,3.81,100.0,3,Starting,731.11,485.04
1793309160000000000,2026-10-29T21:26:00Z,controller 1,1.269,4.97,187.75,135.78,44.56,0.0,4.05,100.0,3,Starting,702.8,467.04
1793309220000000000,2026-10-29T21:27:00Z,controller 1,1.195,4.866,-12.37,8.57,35.42,0.0,3.69,100.0,2,Starting,672.64,452.98
1793309280000000000,2026-10-29T21:28:00Z,controller 1,1.202,4.689,161.9,89.27,445.53,0.0,3.52,100.0,3,Starting,667.51,433.58
1793309340000000000,2026-10-29T21:29:00Z,controller 2,1.104,5.019,20.83,250.36,428.74,0.0,3.09,100.0,1,Starting,622.36,435.33
1793309400000000000,2026-10-29T21:30:00Z,free response,2.76,10.54,109.5,338.36,526.37,0.0,40.14,100.0,2,Starting,638.45,446.19
1793309460000000000,2026-10-29T21:31:00Z,controller 2,2.75,10.452,139.55,88.1,307.34,0.0,36.98,100.0,1,Starting,676.12,434.21
1793309520000000000,2026-10-29T21:32:00Z,controller 1,2.587,10.256,127.6,204.16,503.6,0.0,37.58,100.0,1,Starting,633.79,452.24
1793309580000000000,2026-10-29T21:33:00Z,controller 1,2.735,10.216,43.75,250.85,126.49,0.0,34.47,100.0,1,Starting,618.69,452.37
1793309640000000000,2026-10-29T21:34:00Z,free response,2.703,10.113,46.02,395.65,107.97,0.0,37.1,100.0,3,Starting,622.8,426.14
1793309700000000000,2026-10-29T21:35:00Z,free response,2.738,9.967,8.53,327.34,537.83,0.0,38.13,100.0,2,Starting,630.87,401.24
1793309760000000000,2026-10-29T21:36:00Z,controller 2,2.758,10.484,189.35,340.4,94.92,0.0,40.08,100.0,1,Starting,541.29,912.52
1793309820000000000,2026-10-29T21:37:00Z,controller 1,2.634,9.778,-29.72,315.12,408.93,0.0,36.2,100.0,2,Starting,540.67,920.98
1793309880000000000,2026-10-29T21:38:00Z,controller 2,2.615,10.275,118.74,210.57,217.76,0.0,38.31,100.0,3,Starting,542.19,915.64
1793309940000000000,2026-10-29T21:39:00Z,free response,2.601,9.907,188.52,303.82,246.99,0.0,33.16,100.0,1,Starting,496.9,905.06
1793310000000000000,2026-10-29T21:40:00Z,controller 1,2.696,9.844,31.95,13.26,315.65,0.0,38.4,100.0,3,Starting,505.57,883.19
1793310060000000000,2026-10-29T21:41:00Z,free response,2.595,9.83,66.8,225.16,348.26,0.0,35.3,100.0,2,Starting,542.56,891.6
1793310120000000000,2026-10-29T21:42:00Z,free response,2.582,10.39,-2.12,382.24,65.49,0.0,32.66,100.0,2,Starting,584.74,883.48
1793310180000000000,2026-10-29T21:43:00Z,controller 2,2.671,9.975,181.67,160.68,199.57,0.0,38.36,100.0,1,Starting,588.24,864.95
1793310240000000000,2026-10-29T21:44:00Z,controller 1,2.605,10.031,-0.75,169.57,282.37,0.0,35.88,100.0,1,Starting,567.93,886.74
1793310300000000000,2026-10-29T21:45:00Z,controller 2,2.743,10.271,125.71,106.86,21.32,0.0,36.29,58.75,1,Starting,552.46,862.71
1793310360000000000,2026-10-29T21:46:00Z,controller 1,2.751,10.107,80.6,223.16,142.59,0.0,40.03,100.0,2,Starting,587.44,872.25
1793310420000000000,2026-10-29T21:47:00Z,controller 1,2.709,10.252,158.91,34.6,311.52,0.0,36.45,100.0,2,Starting,633.1,883.04
1793310480000000000,2026-10-29T21:48:00Z,controller 1,2.692,9.941,73.96,247.41,481.76,0.0,39.41,100.0,2,Starting,666.1,892.18
1793310540000000000,2026-10-29T21:49:00Z,free response,2.649,10.521,24.38,175.53,194.7,0.0,38.09,100.0,2,Starting,703.14,866.41
1793310600000000000,2026-10-29T21:50:00Z,free response,2.727,10.482,-23.33,89.95,65.62,0.0,40.19,100.0,3,Starting,671.56,877.91
1793310660000000000,2026-10-29T21:51:00Z,free response,2.694,9.862,113.42,235.72,156.98,0.0,35.1,100.0,2,Starting,654.0,889.97
1793310720000000000,2026-10-29T21:52:00Z,controller 1,2.589,10.365,124.26,232.95,489.57,0.0,37.38,100.0,1,Starting,654.79,879.36
1793310780000000000,2026-10-29T21:53:00Z,controller 1,2.662,10.309,47.04,359.7,388.55,0.0,33.44,100.0,1,Starting,624.81,905.37
1793310840000000000,2026-10-29T21:54:00Z,free response,2.655,10.32,32.72,290.44,150.13,0.0,39.22,100.0,3,Starting,576.76,912.77
1793310900000000000,2026-10-29T21:55:00Z,free response,2.626,10.074,-15.94,147.08,54.94,0.0,31.44,100.0,2,Starting,613.14,920.11
1793310960000000000,2026-10-29T21:56:00Z,controller 2,2.733,10.156,162.3,315.81,326.92,0.0,35.0,100.0,2,Starting,586.1,948.45
1793311020000000000,2026-10-29T21:57:00Z,controller 1,2.679,10.119,16.55,403.68,67.6,0.0,38.73,100.0,2,Starting,596.86,929.37
1793311080000000000,2026-10-29T21:58:00Z,free response,2.742,10.038,2.32,95.47,174.51,0.0,41.49,100.0,3,Starting,644.4,905.68
1793311140000000000,2026-10-29T21:59:00Z,free response,2.751,9.773,179.05,105.74,445.79,0.0,39.04,100.0,1,Starting,1215.23,385.51
1793311200000000000,2026-10-29T22:00:00Z,controller 2,1.851,4.102,179.7,378.83,366.31,0.0,6.62,100.0,2,Starting,1228.72,407.5
1793311260000000000,2026-10-29T22:01:00Z,controller 2,1.777,3.657,2.76,220.72,188.56,0.0,6.1,100.0,1,Starting,1256.18,426.25
1793311320000000000,2026-10-29T22:02:00Z,free response,1.84,4.004,73.98,58.31,3.1,0.0,6.74,45.99,2,Starting,1298.84,445.49
1793311380000000000,2026-10-29T22:03:00Z,free response,1.802,4.032,126.02,91.12,39.78,0.0,6.9,100.0,3,Starting,1312.88,464.74
1793311440000000000,2026-10-29T22:04:00Z,free response,1.828,4.257,-15.19,403.82,517.44,0.0,7.59,100.0,3,Starting,1311.97,469.51
1793311500000000000,2026-10-29T22:05:00Z,controller 1,1.84,4.077,177.37,358.01,383.48,0.0,7.18,100.0,1,Starting,1297.11,479.12
1793311560000000000,2026-10-29T22:06:00Z,controller 1,1.802,4.297,31.3,55.69,94.74,0.0,7.63,100.0,2,Starting,1334.29,469.44
1793311620000000000,2026-10-29T22:07:00Z,controller 1,1.793,3.949,89.25,95.02,210.02,0.0,5.82,100.0,3,Starting,1337.18,482.4
1793311680000000000,2026-10-29T22:08:00Z,controller 2,1.866,3.792,-16.25,259.51,133.33,0.0,7.12,100.0,1,Starting,1355.43,487.22
1793311740000000000,2026-10-29T22:09:00Z,controller 1,1.769,3.987,28.21,192.54,589.15,0.0,6.41,100.0,3,Starting,1377.87,512.71
1793311800000000000,2026-10-29T22:10:00Z,controller 1,1.8,3.809,3.26,156.81,466.31,0.0,5.69,100.0,2,Starting,1401.5,532.09
1793311860000000000,2026-10-29T22:11:00Z,controller 1,1.909,3.857,187.77,229.87,454.95,0.0,7.51,100.0,2,Starting,1448.65,534.9
1793311920000000000,2026-10-29T22:12:00Z,free response,1.81,4.189,105.44,86.15,72.73,0.0,7.45,100.0,1,Starting,1462.35,555.79
1793311980000000000,2026-10-29T22:13:00Z,controller 2,1.88,3.673,95.66,242.02,109.53,0.0,5.94,100.0,3,Starting,1495.99,547.66
1793312040000000000,2026-10-29T22:14:00Z,controller 1,1.765,4.312,-14.15,111.05,430.51,0.0,6.49,100.0,2,Starting,1478.41,573.94
1793312100000000000,2026-10-29T22:15:00Z,free response,1.766,3.752,2.2,176.52,433.86,0.0,5.93,100.0,3,Starting,1488.12,596.76
1793312160000000000,2026-10-29T22:16:00Z,controller 1,1.781,3.606,95.16,102.9,152.66,0.0,5.64,100.0,2,Starting,1462.26,612.07
1793312220000000000,2026-10-29T22:17:00Z,free response,1.756,4.127,109.21,42.59,309.1,0.0,6.83,100.0,3,Starting,1440.35,604.56
1793312280000000000,2026-10-29T22:18:00Z,controller 2,1.759,4.308,162.56,245.39,451.12,0.0,6.95,100.0,1,Starting,681.46,467.43
1793312340000000000,2026-10-29T22:19:00Z,controller 2,1.841,4.066,14.54,426.59,110.87,0.0,7.24,100.0,3,Starting,699.86,488.62
1793312400000000000,2026-10-29T22:20:00Z,controller 2,1.76,3.565,181.74,169.49,55.28,0.0,5.53,100.0,2,Starting,686.8,462.15
1793312460000000000,2026-10-29T22:21:00Z,free response,1.835,3.635,17.15,397.02,35.45,0.0,5.72,100.0,1,Starting,663.83,435.09
1793312520000000000,2026-10-29T22:22:00Z,controller 2,1.823,3.971,27.9,372.07,209.63,0.0,6.33,100.0,3,Starting,633.28,438.92
1793312580000000000,2026-10-29T22:23:00Z,free response,1.771,4.095,189.85,282.94,550.49,0.0,6.05,100.0,2,Starting,643.29,418.84
1793312640000000000,2026-10-29T22:24:00Z,controller 1,1.79,3.892,-3.05,277.87,500.77,0.0,6.03,100.0,2,Starting,593.69,416.6
1793312700000000000,2026-10-29T22:25:00Z,free response,1.793,4.24,105.89,250.4,210.05,0.0,6.35,100.0,3,Starting,547.71,432.98
1793312760000000000,2026-10-29T22:26:00Z,controller 1,1.889,3.954,110.67,163.85,329.53,0.0,6.95,100.0,1,Starting,552.84,419.66
1793312820000000000,2026-10-29T22:27:00Z,controller 1,1.812,3.729,120.85,310.43,93.09,0.0,5.7,100.0,1,Starting,1382.74,680.02
1793312880000000000,2026-10-29T22:28:00Z,free response,1.77,3.859,45.51,63.93,424.82,0.0,5.45,100.0,3,Starting,1355.42,668.43
1793312940000000000,2026-10-29T22:29:00Z,controller 1,1.785,3.942,-3.73,208.58,226.95,0.0,6.9,100.0,3,Starting,1306.25,647.13
1793313000000000000,2026-10-29T22:30:00Z,free response,1.265,1.959,178.84,256.75,420.72,0.0,1.6,100.0,2,Starting,1279.19,617.86
1793313060000000000,2026-10-29T22:31:00Z,controller 2,1.254,1.866,93.35,256.72,161.03,0.0,1.39,100.0,3,Starting,1326.02,609.9
1793313120000000000,2026-10-29T22:32:00Z,free response,1.294,1.567,66.22,437.57,68.27,0.0,1.39,100.0,3,Starting,1283.19,593.63
1793313180000000000,2026-10-29T22:33:00Z,controller 1,1.131,1.382,69.46,392.52,62.48,0.0,0.92,100.0,1,Starting,1321.34,582.83
1793313240000000000,2026-10-29T22:34:00Z,controller 1,1.272,1.805,0.45,409.87,495.24,0.0,1.5,100.0,1,Starting,1273.35,586.78
1793313300000000000,2026-10-29T22:35:00Z,free response,1.158,1.964,65.9,444.72,165.94,0.0,1.42,100.0,3,Starting,1283.03,599.27
1793313360000000000,2026-10-29T22:36:00Z,controller 1,1.281,2.044,32.5,111.78,32.87,0.0,1.59,100.0,2,Starting,1243.27,592.25
1793313420000000000,2026-10-29T22:37:00Z,controller 2,1.22,1.905,97.88,248.51,269.54,0.0,1.45,100.0,3,Starting,1206.33,576.71
1793313480000000000,2026-10-29T22:38:00Z,controller 2,1.2,2.003,129.45,59.25,428.14,0.0,1.46,100.0,1,Starting,1180.73,577.94
1793313540000000000,2026-10-29T22:39:00Z,controller 1,1.295,2.005,103.53,199.12,88.71,0.0,1.58,100.0,2,Starting,1152.93,568.9
1793313600000000000,2026-10-29T22:40:00Z,controller 2,1.301,1.427,133.62,75.94,337.69,0.0,1.26,100.0,2,Starting,1198.59,588.56
1793313660000000000,2026-10-29T22:41:00Z,controller 2,1.164,1.58,151.83,180.14,530.77,0.0,1.0,100.0,2,Starting,1247.11,595.6
1793313720000000000,2026-10-29T22:42:00Z,controller 2,1.211,1.75,53.35,320.39,240.56,0.0,1.24,100.0,1,Starting,1219.25,580.8
1793313780000000000,2026-10-29T22:43:00Z,free response,1.173,1.501,121.16,98.03,418.29,0.0,0.97,100.0,1,Starting,1221.63,600.76
1793313840000000000,2026-10-29T22:44:00Z,controller 2,1.159,2.038,-6.7,8.06,376.64,0.0,1.49,100.0,2,Starting,1252.32,615.94
1793313900000000000,2026-10-29T22:45:00Z,controller 1,1.231,1.662,-7.41,117.83,188.97,0.0,1.26,100.0,3,Starting,1205.74,637.13
1793313960000000000,2026-10-29T22:46:00Z,controller 2,1.274,1.307,-17.77,355.02,10.75,0.0,1.02,100.0,1,Starting,1201.28,631.49
1793314020000000000,2026-10-29T22:47:00Z,free response,1.306,1.961,37.95,208.61,46.83,0.0,1.64,100.0,2,Starting,1181.04,612.88
1793314080000000000,2026-10-29T22:48:00Z,controller 1,1.134,1.568,155.4,28.16,126.82,0.0,1.06,100.0,3,Starting,1137.07,628.45
1793314140000000000,2026-10-29T22:49:00Z,controller 1,1.164,1.389,58.45,339.32,449.41,0.0,0.88,100.0,1,Starting,1097.36,633.38
1793314200000000000,2026-10-29T22:50:00Z,controller 2,1.243,1.534,-16.31,129.78,16.76,0.0,1.17,100.0,2,Starting,1082.29,663.09
1793314260000000000,2026-10-29T22:51:00Z,controller 1,1.23,1.679,109.51,56.06,269.05,0.0,1.31,100.0,3,Starting,1069.98,668.83
1793314320000000000,2026-10-29T22:52:00Z,controller 1,1.165,1.837,141.92,284.35,432.75,0.0,1.28,100.0,1,Starting,1045.64,640.64
1793314380000000000,2026-10-29T22:53:00Z,free response,1.184,1.69,154.89,89.64,34.45,0.0,1.13,100.0,2,Starting,1094.51,630.57
1793314440000000000,2026-10-29T22:54:00Z,controller 1,1.174,1.527,26.55,21.55,133.82,0.0,1.09,100.0,1,Starting,1137.35,628.99
1793314500000000000,2026-10-29T22:55:00Z,controller 2,1.231,2.001,146.46,122.36,482.32,0.0,1.46,100.0,2,Starting,1099.45,645.54
1793314560000000000,2026-10-29T22:56:00Z,controller 2,1.197,1.491,81.12,417.26,435.79,0.0,1.01,100.0,2,Starting,1124.41,665.96
1793314620000000000,2026-10-29T22:57:00Z,controller 1,1.197,1.934,187.43,393.57,126.06,0.0,1.31,100.0,3,Starting,1154.11,681.35
1793314680000000000,2026-10-29T22:58:00Z,controller 2,1.189,1.39,40.26,282.12,382.44,0.0,1.05,100.0,3,Starting,1130.47,682.14
1793314740000000000,2026-10-29T22:59:00Z,free response,1.307,1.768,110.43,187.41,447.77,0.0,1.52,100.0,3,Starting,1158.2,704.87
1793314800000000000,2026-10-29T23:00:00Z,controller 2,2.966,8.766,128.61,356.33,434.37,0.0,38.05,100.0,3,Starting,1159.32,717.89
1793314860000000000,2026-10-29T23:01:00Z,free response,2.991,8.518,-26.08,75.23,452.62,0.0,39.81,100.0,1,Starting,1277.25,513.82
1793314920000000000,2026-10-29T23:02:00Z,controller 1,3,8.913,99.77,223.99,5.09,0.0,41.54,12.25,2,Starting,1303.89,506.44
1793314980000000000,2026-10-29T23:03:00Z,controller 1,2.948,9.159,161.78,237.0,524.01,0.0,41.17,100.0,2,Starting,1353.61,514.0
1793315040000000000,2026-10-29T23:04:00Z,free response,2.883,8.725,92.89,375.71,219.76,0.0,38.68,100.0,3,Starting,1346.92,514.61
1793315100000000000,2026-10-29T23:05:00Z,controller 1,2.989,9.247,188.12,388.26,182.19,0.0,42.59,100.0,3,Starting,1362.74,536.87
1793315160000000000,2026-10-29T23:06:00Z,controller 1,3,8.603,30.99,429.99,0.6,0.0,36.69,1.64,1,Starting,1341.53,515.95
1793315220000000000,2026-10-29T23:07:00Z,controller 1,3,8.808,-2.07,227.57,534.91,0.0,36.21,100.0,2,Starting,1305.39,542.09
1793315280000000000,2026-10-29T23:08:00Z,controller 2,3,8.799,63.55,198.23,209.58,0.0,41.66,100.0,3,Starting,1259.38,550.19
1793315340000000000,2026-10-29T23:09:00Z,controller 2,2.945,8.684,28.62,275.56,351.15,0.0,40.84,100.0,1,Starting,1277.59,536.85
1793315400000000000,2026-10-29T23:10:00Z,free response,2.884,8.576,1.3,8.47,10.21,0.0,34.98,29.19,3,Starting,1274.97,520.79
1793315460000000000,2026-10-29T23:11:00Z,controller 2,3,8.675,170.78,162.36,441.5,0.0,35.74,100.0,2,Starting,1241.85,523.4
1793315520000000000,2026-10-29T23:12:00Z,controller 2,2.963,8.93,141.43,221.13,297.29,0.0,41.14,100.0,1,Starting,1264.41,512.57
1793315580000000000,2026-10-29T23:13:00Z,controller 1,2.959,9.221,49.99,220.57,156.48,0.0,41.25,100.0,1,Starting,1227.28,515.05
1793315640000000000,2026-10-29T23:14:00Z,controller 2,2.904,9.172,-11.15,344.79,200.78,0.0,36.47,100.0,1,Starting,1222.36,533.9
1793315700000000000,2026-10-29T23:15:00Z,controller 1,2.993,8.923,-28.02,241.37,118.52,0.0,36.54,100.0,3,Starting,1179.79,546.83
1793315760000000000,2026-10-29T23:16:00Z,controller 1,3,9.088,94.31,416.11,107.66,0.0,43.73,100.0,3,Off,930.9,822.58
1793315820000000000,2026-10-29T23:17:00Z,free response,2.884,9.225,195.74,13.57,171.81,0.0,34.83,100.0,3,Off,959.43,817.08
1793315880000000000,2026-10-29T23:18:00Z,controller 1,3,8.811,-22.9,147.5,212.07,0.0,40.24,100.0,3,Off,948.84,839.51
1793315940000000000,2026-10-29T23:19:00Z,controller 1,2.983,8.833,144.92,333.19,580.53,0.0,37.96,100.0,3,Off,970.57,821.85
1793316000000000000,2026-10-29T23:20:00Z,controller 1,3,8.99,2.62,407.65,476.22,0.0,42.84,100.0,2,Off,930.55,848.16
1793316060000000000,2026-10-29T23:21:00Z,controller 1,2.907,8.592,93.57,133.75,27.0,0.0,38.26,70.57,2,Off,934.17,854.05
1793316120000000000,2026-10-29T23:22:00Z,free response,3,9.02,79.49,83.89,92.98,0.0,39.71,100.0,1,Off,783.21,375.13
1793316180000000000,2026-10-29T23:23:00Z,controller 2,3,8.756,-22.01,422.34,302.5,0.0,43.27,100.0,1,Off,767.5,348.72
1793316240000000000,2026-10-29T23:24:00Z,controller 2,2.864,8.605,166.59,387.32,190.09,0.0,35.97,100.0,2,Off,766.6,337.49
1793316300000000000,2026-10-29T23:25:00Z,controller 1,3,8.589,37.74,378.57,321.3,0.0,34.83,100.0,2,Off,743.43,321.92
1793316360000000000,2026-10-29T23:26:00Z,controller 2,2.968,8.662,124.66,237.49,473.02,0.0,40.15,100.0,2,Off,747.55,330.9
1793316420000000000,2026-10-29T23:27:00Z,free response,2.995,8.984,160.43,53.23,440.91,0.0,40.43,100.0,1,Off,755.42,357.2
1793316480000000000,2026-10-29T23:28:00Z,controller 2,2.954,9.235,69.59,166.79,173.48,0.0,36.89,100.0,1,Off,779.94,383.93
1793316540000000000,2026-10-29T23:29:00Z,controller 1,2.974,8.874,-17.09,125.73,106.62,0.0,39.39,100.0,1,Off,504.39,539.17
1793316600000000000,2026-10-29T23:30:00Z,controller 1,2.859,5.194,-15.04,43.51,477.23,0.0,23.14,100.0,3,Off,488.5,548.9
1793316660000000000,2026-10-29T23:31:00Z,free response,2.879,4.811,111.75,159.31,390.78,0.0,18.05,100.0,2,Off,449.02,528.15
1793316720000000000,2026-10-29T23:32:00Z,free response,2.936,4.677,155.27,310.86,81.99,0.0,21.68,100.0,1,Off,422.88,530.74
1793316780000000000,2026-10-29T23:33:00Z,free response,2.976,4.824,168.57,413.23,546.64,0.0,20.53,100.0,3,Off,435.57,502.23
1793316840000000000,2026-10-29T23:34:00Z,free response,2.955,4.665,179.13,95.37,65.19,0.0,19.55,100.0,1,Off,428.36,483.26
1793316900000000000,2026-10-29T23:35:00Z,free response,2.832,4.589,39.42,382.42,202.08,0.0,19.84,100.0,2,Off,433.23,493.22
1793316960000000000,2026-10-29T23:36:00Z,controller 2,2.928,4.771,-7.79,24.41,369.88,0.0,19.3,100.0,2,Off,467.35,514.18
1793317020000000000,2026-10-29T23:37:00Z,controller 1,2.82,5.234,26.82,295.21,331.84,0.0,21.5,100.0,2,Off,473.2,529.58
1793317080000000000,2026-10-29T23:38:00Z,controller 1,2.874,4.685,125.96,427.09,565.66,0.0,18.3,100.0,2,Off,460.97,499.68
1793317140000000000,2026-10-29T23:39:00Z,controller 2,2.816,4.895,-13.5,346.68,585.58,0.0,21.15,100.0,1,Off,468.17,489.23
1793317200000000000,2026-10-29T23:40:00Z,controller 1,2.932,4.6,129.85,426.73,556.38,0.0,18.67,100.0,3,Off,479.94,511.9
1793317260000000000,2026-10-29T23:41:00Z,free response,2.823,4.992,106.52,273.77,147.67,0.0,19.85,100.0,3,Off,503.34,487.94
1793317320000000000,2026-10-29T23:42:00Z,controller 1,2.983,5.076,184.55,47.14,472.48,0.0,23.42,100.0,3,Off,502.35,505.88
1793317380000000000,2026-10-29T23:43:00Z,controller 1,2.97,4.71,144.82,44.85,47.48,0.0,22.77,100.0,2,Off,538.33,533.83
1793317440000000000,2026-10-29T23:44:00Z,controller 1,2.889,5.122,-27.36,49.65,174.2,0.0,22.87,100.0,1,Off,572.58,551.83
1793317500000000000,2026-10-29T23:45:00Z,controller 2,2.951,5.232,-23.39,231.74,181.1,0.0,20.98,100.0,3,Off,564.34,524.86
1793317560000000000,2026-10-29T23:46:00Z,free response,2.924,4.884,55.01,360.55,26.55,0.0,20.65,100.0,3,Off,589.48,552.24
1793317620000000000,2026-10-29T23:47:00Z,controller 2,2.959,5.156,-11.54,363.18,518.6,0.0,21.91,100.0,1,Off,599.3,557.9
1793317680000000000,2026-10-29T23:48:00Z,free response,2.943,4.8,-24.26,119.01,23.81,0.0,22.6,100.0,2,Off,630.53,570.02
1793317740000000000,2026-10-29T23:49:00Z,controller 1,2.82,5.159,86.03,220.72,89.65,0.0,19.04,100.0,2,Off,611.56,552.32
1793317800000000000,2026-10-29T23:50:00Z,free response,2.952,5.097,90.56,79.45,560.9,0.0,21.77,100.0,1,Off,583.41,535.44
1793317860000000000,2026-10-29T23:51:00Z,free response,2.953,4.937,35.7,278.55,228.61,0.0,20.5,100.0,2,Off,628.79,509.24
1793317920000000000,2026-10-29T23:52:00Z,free response,2.948,4.763,-4.99,73.19,97.06,0.0,20.75,100.0,2,Off,639.12,496.12
1793317980000000000,2026-10-29T23:53:00Z,controller 2,2.93,4.843,107.75,167.05,112.97,0.0,21.94,100.0,1,Off,661.33,497.78
1793318040000000000,2026-10-29T23:54:00Z,free response,2.963,4.886,-8.33,246.03,351.54,0.0,22.91,100.0,1,Off,660.13,523.59
1793318100000000000,2026-10-29T23:55:00Z,free response,2.893,5.293,96.12,439.06,380.21,0.0,19.99,100.0,3,Off,629.24,545.54
1793318160000000000,2026-10-29T23:56:00Z,controller 1,2.912,5.239,116.9,396.26,174.42,0.0,20.53,100.0,1,Off,659.41,524.7
1793318220000000000,2026-10-29T23:57:00Z,controller 1,2.98,5.075,49.11,31.26,558.83,0.0,22.12,100.0,3,Off,647.27,512.72
1793318280000000000,2026-10-29T23:58:00Z,controller 2,2.908,5.289,105.39,91.61,419.17,0.0,23.08,100.0,3,Off,607.06,517.51
1793318340000000000,2026-10-29T23:59:00Z,controller 1,2.96,5.277,0.55,304.02,14.13,0.0,22.0,64.23,3,Off,605.13,504.54
